Rk,Player,Pos,Age,Tm,G,MP,PER,TS%,3PAr,FTr,ORB%,DRB%,TRB%,AST%,STL%,BLK%,TOV%,USG%,,OWS,DWS,WS,WS/48,,OBPM,DBPM,BPM,VORP
1,Steven Adams\adamsst01,C,26,OKC,44,1173,21.1,.609,.003,.424,14.6,23.4,19.2,14.7,1.2,3.6,14.0,17.1,,3.0,1.8,4.8,.197,,1.6,3.3,4.8,2.0
2,Bam Adebayo\adebaba01,PF,22,MIA,47,1621,20.6,.625,.022,.503,8.7,24.1,16.9,21.6,1.7,3.2,17.9,19.9,,3.6,2.6,6.2,.185,,1.1,3.8,5.0,2.8
3,LaMarcus Aldridge\aldrila01,C,34,SAS,43,1426,20.7,.590,.189,.247,6.5,17.4,12.0,11.0,0.9,4.5,7.9,22.9,,3.2,1.2,4.4,.147,,1.7,0.6,2.3,1.6
4,Nickeil Alexander-Walker\alexani01,SG,21,NOP,39,494,8.2,.445,.520,.124,1.5,15.4,8.3,20.8,1.0,1.2,13.8,23.0,,-0.6,0.3,-0.3,-0.034,,-3.8,-2.2,-6.0,-0.5
5,Grayson Allen\allengr01,SG,24,MEM,30,498,11.5,.577,.517,.199,1.1,12.9,7.1,11.7,0.6,0.2,10.7,18.0,,0.5,0.1,0.6,.059,,-0.7,-2.9,-3.6,-0.2
6,Jarrett Allen\allenja01,C,21,BRK,47,1282,20.4,.664,.012,.579,11.8,24.0,18.1,7.3,1.2,4.4,12.2,15.0,,3.4,2.1,5.5,.206,,0.2,3.0,3.2,1.7
7,Kadeem Allen\allenka01,SG,27,NYK,9,96,13.5,.483,.381,.190,2.1,6.8,4.4,31.2,2.0,2.0,14.9,23.6,,0.0,0.1,0.0,.019,,-1.5,-2.8,-4.3,-0.1
8,Al-Farouq Aminu\aminual01,PF,29,ORL,18,380,7.8,.395,.419,.337,6.4,18.2,12.1,7.6,2.3,1.9,14.7,13.2,,-0.4,0.6,0.2,.023,,-5.0,2.4,-2.6,-0.1
9,Justin Anderson\anderju01,SF,26,BRK,3,17,-3.8,.218,.500,.333,0.0,11.8,6.1,0.0,0.0,4.8,0.0,16.9,,-0.1,0.0,-0.1,-0.173,,-12.7,-2.8,-15.5,-0.1
10,Kyle Anderson\anderky01,PF,26,MEM,43,742,13.0,.524,.203,.267,5.5,18.6,12.2,15.9,2.0,2.4,15.0,13.8,,0.5,0.8,1.3,.082,,-1.9,1.9,0.0,0.4
11,Ryan Anderson\anderry01,PF,31,HOU,2,14,9.6,.357,.714,.000,0.0,52.0,26.0,20.0,3.3,0.0,12.5,23.4,,0.0,0.0,0.0,-0.026,,-7.1,1.8,-5.3,0.0
12,Giannis Antetokounmpo\antetgi01,PF,25,MIL,44,1350,32.6,.610,.249,.511,8.2,32.2,21.0,33.6,1.7,3.1,12.6,37.9,,4.8,3.5,8.2,.293,,7.3,4.9,12.2,4.8
13,Kostas Antetokounmpo\antetko01,PF,22,LAL,3,5,8.6,,,,0.0,21.4,10.9,22.5,0.0,0.0,,0.0,,0.0,0.0,0.0,.132,,-4.9,1.0,-3.9,0.0
14,Thanasis Antetokounmpo\antetth01,SF,27,MIL,15,61,13.8,.556,.130,.391,10.4,1.5,5.7,14.1,1.5,1.4,15.6,21.7,,0.1,0.1,0.1,.107,,-1.7,-1.3,-3.0,0.0
15,Carmelo Anthony\anthoca01,PF,35,POR,33,1073,12.9,.516,.273,.193,4.0,16.9,10.5,7.2,1.4,1.4,10.8,22.3,,0.0,0.7,0.8,.034,,-2.1,-1.0,-3.1,-0.3
16,OG Anunoby\anunoog01,SF,22,TOR,48,1400,12.4,.575,.416,.139,3.9,15.3,9.7,8.1,1.7,2.3,11.8,15.0,,1.0,2.3,3.3,.114,,-1.0,2.2,1.3,1.1
17,Ryan Arcidiacono\arcidry01,PG,25,CHI,47,679,8.4,.538,.613,.168,2.2,10.4,6.1,14.6,1.3,0.4,12.6,12.0,,0.5,0.6,1.0,.074,,-2.1,-0.9,-3.1,-0.2
18,Trevor Ariza\arizatr01,SF,34,SAC,32,791,9.6,.543,.739,.164,2.9,18.4,10.4,8.5,2.2,0.8,13.7,11.3,,0.3,0.8,1.2,.070,,-1.3,1.1,-0.2,0.4
19,Trevor Ariza\arizatr01,SF,34,POR,4,145,14.1,.658,.486,.108,1.4,11.8,6.7,6.7,2.9,0.6,9.4,12.5,,0.2,0.1,0.4,.122,,1.1,0.3,1.5,0.1
20,Trevor Ariza\arizatr01,SF,34,TOT,36,936,10.3,.563,.693,.153,2.7,17.4,9.8,8.2,2.3,0.8,12.9,11.5,,0.6,0.9,1.5,.078,,-0.9,1.0,0.1,0.5
21,D.J. Augustin\augusdj01,PG,32,ORL,39,1013,14.5,.544,.417,.399,1.5,8.7,4.9,27.2,1.3,0.1,12.4,18.7,,1.5,0.9,2.4,.112,,0.1,-2.0,-1.9,0.0
22,Deandre Ayton\aytonde01,C,21,PHO,18,589,20.2,.567,.004,.176,11.7,27.5,19.5,9.2,1.0,3.9,9.3,22.4,,0.9,0.8,1.7,.140,,-1.3,1.5,0.2,0.3
23,Dwayne Bacon\bacondw01,SG,24,CHO,36,644,6.7,.428,.278,.215,2.3,13.1,7.4,11.9,1.7,0.3,11.3,19.8,,-1.0,0.3,-0.6,-0.046,,-5.7,-1.8,-7.4,-0.9
24,Marvin Bagley\baglema01,PF,20,SAC,13,334,16.0,.512,.132,.186,9.5,23.7,16.4,5.1,0.9,3.4,9.1,25.9,,0.1,0.3,0.4,.059,,-4.0,-1.6,-5.6,-0.3
25,Lonzo Ball\balllo01,PG,22,NOP,41,1287,13.0,.500,.567,.107,4.0,15.9,9.9,29.2,1.9,1.0,19.3,19.4,,0.3,1.0,1.3,.047,,0.0,0.2,0.3,0.7
26,Mo Bamba\bambamo01,C,21,ORL,44,674,16.1,.531,.371,.141,10.1,25.7,17.6,6.6,1.2,8.2,13.1,16.7,,0.3,1.4,1.7,.120,,-3.1,4.0,1.0,0.5
27,J.J. Barea\bareajo01,PG,35,DAL,15,238,19.8,.572,.393,.085,3.6,9.9,6.8,37.8,0.6,0.4,13.5,25.2,,0.7,0.1,0.8,.153,,3.1,-3.5,-0.4,0.1
28,Harrison Barnes\barneha02,PF,27,SAC,48,1676,12.9,.561,.325,.373,2.8,13.0,7.8,8.7,0.8,0.4,8.6,17.9,,2.1,0.8,2.9,.083,,-0.6,-1.3,-1.9,0.0
29,RJ Barrett\barrerj01,SG,19,NYK,41,1281,10.5,.470,.268,.345,3.5,14.5,8.8,12.2,1.6,1.2,12.8,23.3,,-1.3,0.8,-0.5,-0.020,,-3.3,-0.7,-4.0,-0.7
30,Will Barton\bartowi01,SF,29,DEN,46,1537,15.9,.539,.368,.182,4.8,16.5,10.6,16.5,1.7,1.4,9.4,19.8,,2.0,1.9,3.9,.122,,0.9,0.9,1.8,1.5
31,Keita Bates-Diop\bateske01,SF,24,MIN,35,630,12.9,.538,.453,.320,3.4,14.9,8.9,6.8,1.2,2.6,5.7,16.1,,0.6,0.5,1.1,.087,,-1.9,-0.4,-2.2,0.0
32,Nicolas Batum\batumni01,SF,31,CHO,22,505,9.2,.463,.605,.123,5.2,16.9,10.8,18.3,1.7,1.4,20.5,9.3,,0.2,0.4,0.5,.052,,-2.7,1.2,-1.4,0.1
33,Aron Baynes\baynear01,C,33,PHO,33,756,15.2,.582,.423,.205,7.7,20.3,13.9,12.5,0.4,2.2,10.7,20.4,,1.1,0.6,1.8,.113,,0.6,-0.4,0.2,0.4
34,Kent Bazemore\bazemke01,SF,30,POR,43,1111,7.6,.475,.525,.221,1.2,14.5,7.9,7.2,1.9,2.3,14.4,15.9,,-0.9,0.9,0.0,-0.002,,-3.2,0.7,-2.5,-0.1
35,Kent Bazemore\bazemke01,SG,30,SAC,5,93,9.7,.512,.400,.467,5.9,17.5,11.5,4.6,2.6,1.0,16.2,20.2,,-0.1,0.1,0.1,.026,,-4.2,-1.0,-5.2,-0.1
36,Kent Bazemore\bazemke01,SF-SG,30,TOT,48,1204,7.8,.479,.514,.242,1.6,14.7,8.2,7.0,2.0,2.2,14.5,16.2,,-1.0,1.0,0.0,.000,,-3.2,0.5,-2.7,-0.2
37,Darius Bazley\bazleda01,PF,19,OKC,50,873,8.0,.474,.438,.192,2.6,20.8,12.0,4.5,1.0,3.3,14.1,13.9,,-0.8,1.2,0.4,.020,,-5.0,1.2,-3.8,-0.4
38,Bradley Beal\bealbr01,SG,26,WAS,40,1419,22.6,.576,.369,.366,3.0,11.1,6.9,29.7,1.2,0.8,11.5,32.9,,3.5,-0.1,3.4,.116,,5.2,-3.4,1.8,1.4
39,Malik Beasley\beaslma01,SG,23,DEN,39,698,10.3,.512,.527,.123,1.4,10.0,5.7,8.6,2.1,0.8,10.7,20.2,,-0.1,0.8,0.6,.043,,-2.0,-1.4,-3.4,-0.2
40,Marco Belinelli\belinma01,SG,33,SAS,42,642,9.6,.502,.535,.173,0.5,11.2,5.9,11.6,0.6,0.0,5.4,17.3,,0.3,0.1,0.4,.029,,-1.3,-3.5,-4.7,-0.4
41,Jordan Bell\belljo01,C,25,MIN,25,221,14.6,.566,.140,.509,12.8,23.4,17.9,9.3,0.4,3.4,20.5,16.4,,0.1,0.2,0.4,.078,,-3.6,0.4,-3.1,-0.1
42,DeAndre' Bembry\bembrde01,SG,25,ATL,43,915,9.7,.500,.285,.211,3.9,14.0,8.9,12.4,2.8,1.7,19.4,14.0,,-0.5,0.8,0.3,.016,,-3.6,1.4,-2.2,0.0
43,Dragan Bender\bendedr01,SF,22,MIL,7,91,8.6,.582,.429,.143,0.0,20.5,10.9,12.3,0.0,4.8,18.3,12.4,,0.0,0.2,0.2,.106,,-4.1,2.5,-1.6,0.0
44,Dāvis Bertāns\bertada01,PF,27,WAS,38,1111,15.6,.619,.754,.173,2.7,14.8,8.6,8.0,1.1,1.9,7.3,18.5,,2.2,0.1,2.3,.101,,3.3,-2.4,0.9,0.8
45,Patrick Beverley\beverpa01,PG,31,LAC,37,1045,13.2,.545,.592,.142,4.9,16.2,10.7,18.8,2.2,1.9,14.5,13.1,,1.3,1.6,2.9,.135,,1.1,3.0,4.1,1.6
46,Khem Birch\birchkh01,C,27,ORL,34,723,10.5,.527,.009,.607,9.4,15.2,12.2,6.5,1.1,2.5,14.0,9.4,,0.6,0.9,1.5,.100,,-3.1,2.3,-0.8,0.2
47,Goga Bitadze\bitadgo01,C,20,IND,38,351,12.0,.532,.235,.284,6.7,20.5,13.6,7.4,0.3,6.7,15.5,17.0,,0.0,0.5,0.5,.073,,-4.1,2.1,-2.0,0.0
48,Bismack Biyombo\biyombi01,C,27,CHO,43,822,16.2,.567,.000,.511,12.7,21.1,16.7,7.1,0.5,4.0,11.8,17.1,,1.3,0.6,1.9,.111,,-2.4,0.3,-2.1,0.0
49,Nemanja Bjelica\bjeline01,PF,31,SAC,48,1353,16.5,.604,.468,.121,6.5,19.8,13.0,14.6,1.6,2.0,12.9,18.0,,2.4,1.4,3.8,.133,,1.8,1.0,2.8,1.6
50,Eric Bledsoe\bledser01,PG,30,MIL,40,1058,19.3,.585,.308,.300,2.9,13.3,8.4,28.3,1.6,1.7,14.5,24.2,,2.2,1.9,4.1,.185,,1.5,0.9,2.4,1.2
51,Bogdan Bogdanović\bogdabo01,SG,27,SAC,37,1037,14.3,.552,.564,.144,1.4,11.7,6.4,18.7,1.7,0.8,12.7,23.5,,0.6,0.7,1.3,.061,,0.9,-1.7,-0.8,0.3
52,Bojan Bogdanović\bogdabo02,SF,30,UTA,47,1565,16.3,.610,.490,.290,2.0,11.2,6.8,9.7,0.8,0.3,13.5,26.3,,2.1,1.5,3.6,.110,,1.7,-1.7,-0.1,0.8
53,Jonah Bolden\boldejo01,PF,24,PHI,4,14,-2.0,.515,.333,.667,0.0,7.8,3.9,0.0,3.5,0.0,34.0,18.1,,-0.1,0.0,0.0,-0.136,,-10.0,-1.0,-11.0,0.0
54,Jordan Bone\bonejo01,PG,22,DET,6,19,-8.5,.222,.333,.000,0.0,0.0,0.0,22.0,0.0,0.0,18.2,25.1,,-0.1,0.0,-0.1,-0.349,,-15.3,-9.7,-25.0,-0.1
55,Isaac Bonga\bongais01,SF,20,WAS,42,735,11.1,.635,.265,.356,6.3,14.4,10.2,7.6,1.8,1.5,16.4,10.3,,1.0,0.2,1.2,.076,,-0.6,-0.2,-0.8,0.2
56,Devin Booker\bookede01,SG,23,PHO,45,1623,21.2,.634,.291,.391,1.6,11.0,6.2,29.9,1.0,0.6,15.6,29.7,,4.2,1.0,5.2,.153,,4.1,-1.9,2.2,1.7
57,Chris Boucher\bouchch01,PF,27,TOR,41,529,20.5,.563,.358,.394,15.3,20.8,18.1,5.1,1.3,6.9,6.6,19.6,,1.3,1.1,2.4,.219,,0.2,2.1,2.3,0.6
58,Brian Bowen\bowenbr02,SG,21,IND,3,10,1.0,.250,.250,.000,0.0,11.1,5.6,0.0,0.0,8.7,0.0,17.6,,0.0,0.0,0.0,-0.149,,-12.6,-0.5,-13.1,0.0
59,Ky Bowman\bowmaky01,PG,22,GSW,37,827,9.3,.490,.341,.110,2.2,10.2,6.1,19.4,2.1,0.5,15.0,16.8,,-0.3,0.5,0.1,.007,,-3.1,-1.2,-4.3,-0.5
60,Avery Bradley\bradlav01,SG,29,LAL,33,760,7.3,.506,.357,.059,2.2,8.3,5.3,6.3,1.8,0.2,12.2,15.5,,-0.3,0.8,0.6,.035,,-2.9,-0.5,-3.4,-0.3
61,Tony Bradley\bradlto01,C,22,UTA,36,372,19.9,.648,.000,.284,17.8,26.0,22.1,3.7,1.3,3.3,12.8,16.5,,1.0,0.7,1.7,.221,,0.0,0.9,0.9,0.3
62,Jarrell Brantley\brantja01,PF,23,UTA,2,9,10.2,,,,0.0,46.2,24.2,13.3,0.0,18.4,100.0,4.9,,0.0,0.0,0.0,.062,,-11.7,15.2,3.5,0.0
63,Ignas Brazdeikis\brazdig01,SF,21,NYK,9,53,3.4,.351,.409,.227,3.8,6.2,4.9,10.8,0.0,1.8,7.6,20.9,,-0.1,0.0,-0.1,-0.113,,-6.5,-4.1,-10.7,-0.1
64,Mikal Bridges\bridgmi01,SF,23,PHO,48,1176,12.4,.604,.356,.307,3.8,13.9,8.7,8.3,2.6,1.7,12.9,12.3,,1.3,1.4,2.7,.109,,-0.8,2.1,1.3,1.0
65,Miles Bridges\bridgmi02,SF,21,CHO,48,1443,11.9,.534,.394,.156,4.6,15.3,9.7,9.6,1.0,2.2,12.2,18.9,,0.3,0.8,1.1,.037,,-1.9,-0.5,-2.3,-0.1
66,Oshae Brissett\brissos01,SF,21,TOR,15,117,5.2,.446,.419,.194,7.3,11.4,9.4,4.6,1.2,0.8,15.1,14.5,,-0.1,0.2,0.1,.024,,-4.9,-0.5,-5.5,-0.1
67,Ryan Broekhoff\broekry01,SG,29,DAL,12,105,15.0,.660,.806,.167,1.0,18.6,9.9,5.4,0.9,1.6,9.4,17.3,,0.2,0.1,0.3,.137,,1.1,-2.3,-1.2,0.0
68,Malcolm Brogdon\brogdma01,PG,27,IND,34,1030,19.2,.550,.293,.263,2.7,13.4,8.1,36.1,1.3,0.5,14.1,26.1,,1.8,1.0,2.8,.133,,2.5,-0.8,1.7,1.0
69,Dillon Brooks\brookdi01,SG,24,MEM,49,1385,13.1,.539,.394,.207,3.8,8.8,6.3,10.5,1.6,1.3,10.1,24.6,,0.7,0.8,1.4,.049,,-0.3,-2.1,-2.3,-0.1
70,Bruce Brown\brownbr01,SG,23,DET,47,1265,12.1,.521,.223,.287,3.9,13.5,8.7,20.4,2.1,1.6,17.1,16.0,,0.6,1.1,1.7,.065,,-1.6,1.1,-0.6,0.5
71,Charlie Brown\brownch02,SG,22,ATL,8,37,12.8,.469,.471,.294,5.7,5.9,5.8,7.8,2.5,4.5,9.4,23.7,,0.0,0.0,0.0,.014,,-3.3,-1.4,-4.7,0.0
72,Jaylen Brown\brownja02,SF,23,BOS,39,1305,17.7,.600,.363,.304,3.6,17.4,10.5,11.1,1.7,0.8,12.5,24.3,,1.9,1.9,3.8,.141,,1.4,-0.1,1.3,1.1
73,Moses Brown\brownmo01,C,20,POR,7,23,8.9,.465,.000,.444,13.6,35.2,24.5,0.0,2.1,0.0,21.8,25.3,,-0.1,0.0,0.0,-0.055,,-11.8,-7.2,-19.1,-0.1
74,Sterling Brown\brownst02,SF,24,MIL,33,497,9.8,.491,.513,.190,4.7,20.2,12.9,8.1,1.7,0.7,14.5,16.7,,-0.2,1.0,0.8,.075,,-3.5,0.8,-2.7,-0.1
75,Troy Brown\browntr01,SG,20,WAS,44,1154,14.4,.547,.271,.232,4.7,20.5,12.3,11.3,2.3,0.3,10.1,17.1,,1.2,0.5,1.7,.071,,-0.5,-0.6,-1.1,0.3
76,Jalen Brunson\brunsja01,PG,23,DAL,48,813,15.4,.547,.317,.190,2.6,11.8,7.3,26.9,1.3,0.4,13.3,20.1,,1.4,0.5,1.9,.112,,0.2,-1.8,-1.6,0.1
77,Thomas Bryant\bryanth01,C,22,WAS,27,684,19.3,.636,.177,.263,8.3,23.9,15.8,13.2,0.7,2.9,13.1,18.9,,1.6,0.2,1.8,.127,,1.2,-0.4,0.8,0.5
78,Reggie Bullock\bullore01,SG,28,NYK,15,376,10.8,.511,.504,.065,2.1,6.7,4.3,7.7,2.3,0.0,4.7,16.9,,0.2,0.2,0.4,.050,,-0.4,-1.9,-2.3,0.0
79,Trey Burke\burketr01,PG,27,PHI,23,312,16.4,.562,.298,.149,5.0,7.0,6.0,24.3,1.1,0.3,8.5,19.5,,0.7,0.3,1.0,.151,,1.0,-2.4,-1.4,0.0
80,Alec Burks\burksal01,SG,28,GSW,46,1337,15.9,.545,.364,.369,2.8,15.2,8.8,17.8,1.7,1.0,9.7,23.5,,1.6,0.9,2.4,.087,,0.3,-1.3,-0.9,0.4
81,Deonte Burton\burtode02,SG,26,OKC,30,254,5.8,.412,.419,.129,2.3,14.3,8.5,5.7,0.8,3.0,8.4,18.6,,-0.5,0.3,-0.2,-0.038,,-6.2,-0.9,-7.1,-0.3
82,Jimmy Butler\butleji01,SF,30,MIA,41,1427,23.7,.581,.195,.713,6.6,15.1,11.1,28.7,2.5,1.6,11.7,25.0,,4.8,2.0,6.8,.229,,3.5,1.8,5.4,2.6
83,Bruno Caboclo\cabocbr01,SF,24,MEM,22,192,11.9,.441,.362,.043,9.6,14.8,12.2,7.0,2.4,5.4,9.1,16.8,,-0.1,0.2,0.2,.042,,-3.1,1.9,-1.2,0.0
84,Kentavious Caldwell-Pope\caldwke01,SG,26,LAL,47,1204,12.0,.599,.464,.213,2.8,6.6,4.7,9.3,1.4,0.7,9.7,14.8,,1.8,1.2,3.0,.118,,0.6,-0.7,0.0,0.6
85,Vlatko Čančar\cancavl01,SF,22,DEN,9,16,20.0,.595,.600,.400,6.8,13.8,10.3,25.7,3.1,0.0,14.5,18.5,,0.0,0.0,0.1,.206,,2.8,-0.5,2.3,0.0
86,Clint Capela\capelca01,C,25,HOU,39,1279,20.8,.626,.000,.268,13.6,30.0,21.8,5.6,1.2,4.8,12.7,15.9,,2.9,2.0,5.0,.187,,-0.8,2.4,1.6,1.1
87,DeMarre Carroll\carrode01,SF,33,SAS,15,135,5.1,.437,.448,.690,5.6,18.7,12.2,10.1,0.7,1.3,20.9,15.3,,-0.2,0.1,-0.1,-0.032,,-5.0,-1.1,-6.1,-0.1
88,Jevon Carter\carteje01,PG,24,PHO,33,442,9.4,.509,.549,.097,3.2,11.2,7.1,14.1,2.6,1.9,16.9,13.6,,0.0,0.5,0.5,.052,,-2.4,1.2,-1.2,0.1
89,Vince Carter\cartevi01,SF,43,ATL,42,639,7.5,.464,.682,.112,1.5,13.4,7.4,8.8,1.2,2.5,9.7,16.8,,-0.5,0.3,-0.1,-0.011,,-3.5,-1.3,-4.9,-0.5
90,Wendell Carter\cartewe01,C,20,CHI,37,1109,16.2,.592,.091,.417,12.3,24.2,18.0,6.0,1.3,2.8,14.5,16.5,,1.7,1.6,3.3,.142,,-1.6,1.5,-0.1,0.5
91,Michael Carter-Williams\cartemi01,SG,28,ORL,25,417,14.7,.493,.262,.312,5.6,14.2,9.7,20.1,2.8,2.2,12.5,19.0,,0.2,0.7,0.8,.096,,-1.7,2.0,0.3,0.2
92,Alex Caruso\carusal01,PG,25,LAL,44,821,10.0,.524,.412,.302,1.4,9.6,5.6,12.0,2.7,1.4,14.4,13.6,,0.3,1.2,1.5,.086,,-2.0,1.3,-0.7,0.3
93,Willie Cauley-Stein\caulewi01,C,26,DAL,2,24,16.8,.500,.000,.000,13.3,25.7,19.6,17.0,4.1,3.5,14.3,12.4,,0.0,0.1,0.1,.186,,-0.6,5.4,4.8,0.0
94,Willie Cauley-Stein\caulewi01,C,26,GSW,41,940,16.3,.573,.000,.222,7.8,21.7,14.5,10.1,2.3,4.8,11.0,14.4,,1.1,1.2,2.3,.117,,-2.2,3.3,1.1,0.7
95,Willie Cauley-Stein\caulewi01,C,26,TOT,43,964,16.4,.571,.000,.217,7.9,21.8,14.6,10.2,2.3,4.8,11.1,14.3,,1.1,1.3,2.4,.119,,-2.2,3.3,1.2,0.8
96,Tyson Chandler\chandty01,C,37,HOU,25,219,10.8,.717,.000,.722,11.8,19.5,15.6,3.5,1.3,3.1,25.2,5.9,,0.3,0.3,0.6,.128,,-2.3,1.4,-0.8,0.1
97,Wilson Chandler\chandwi01,SF,32,BRK,19,389,9.4,.573,.583,.136,1.6,20.4,11.2,7.7,1.5,1.5,17.4,14.2,,0.0,0.5,0.5,.062,,-3.3,1.0,-2.3,0.0
98,Zylan Cheatham\cheatzy01,SF,24,NOP,3,31,0.2,.400,.200,.000,3.4,17.3,10.2,8.0,0.0,2.7,37.5,10.6,,-0.1,0.0,-0.1,-0.088,,-8.6,0.3,-8.3,0.0
99,Chris Chiozza\chiozch01,PG,24,BRK,2,12,-1.7,.000,.500,.000,0.0,16.8,8.6,20.3,3.9,0.0,0.0,13.9,,-0.1,0.0,0.0,-0.188,,-11.4,1.7,-9.7,0.0
100,Chris Chiozza\chiozch01,PG,24,TOT,12,135,8.3,.355,.474,.000,0.0,14.1,6.8,27.7,3.8,1.3,19.1,14.4,,-0.2,0.1,-0.1,-0.025,,-4.7,-0.2,-4.9,-0.1
101,Chris Chiozza\chiozch01,PG,24,WAS,10,123,9.3,.397,.471,.000,0.0,13.9,6.7,28.4,3.8,1.4,20.9,14.5,,-0.1,0.1,0.0,-0.009,,-4.0,-0.4,-4.4,-0.1
102,Marquese Chriss\chrisma01,PF,22,GSW,44,795,18.1,.584,.106,.431,10.5,21.5,15.8,15.5,1.7,4.3,16.5,18.8,,1.1,0.9,1.9,.117,,-1.2,2.1,0.9,0.6
103,Gary Clark\clarkga01,PF,25,ORL,5,69,13.1,.625,.688,.000,11.8,15.9,13.8,0.0,0.0,2.6,11.1,11.3,,0.1,0.1,0.2,.114,,-2.4,-3.7,-6.0,-0.1
104,Gary Clark\clarkga01,PF,25,TOT,23,281,12.2,.576,.827,.093,6.9,14.6,10.8,5.7,0.3,2.8,4.9,12.1,,0.5,0.2,0.7,.124,,-0.4,-1.8,-2.2,0.0
105,Gary Clark\clarkga01,PF,25,HOU,18,212,11.9,.564,.864,.119,5.4,14.2,9.8,7.6,0.4,2.8,3.1,12.4,,0.4,0.2,0.6,.128,,0.2,-1.1,-0.9,0.1
106,Brandon Clarke\clarkbr01,PF,23,MEM,42,912,21.9,.679,.132,.228,6.6,21.5,14.2,10.3,1.1,3.4,9.4,19.0,,2.7,0.9,3.5,.187,,1.9,0.6,2.5,1.0
107,Jordan Clarkson\clarkjo01,SG,27,UTA,18,459,16.3,.561,.482,.164,3.0,7.9,5.6,9.3,1.4,0.9,6.9,24.8,,0.5,0.5,1.0,.107,,1.4,-1.8,-0.4,0.2
108,Jordan Clarkson\clarkjo01,SG,27,CLE,29,666,19.0,.581,.488,.264,3.5,8.0,5.7,17.3,1.2,1.0,9.7,25.8,,1.5,0.1,1.5,.111,,3.2,-3.5,-0.3,0.3
109,Jordan Clarkson\clarkjo01,SG,27,TOT,47,1125,17.9,.573,.486,.223,3.3,8.0,5.7,14.0,1.3,1.0,8.6,25.4,,2.0,0.6,2.6,.110,,2.5,-2.8,-0.3,0.5
110,Nicolas Claxton\claxtni01,PF,20,BRK,14,183,14.6,.570,.152,.413,10.9,13.2,12.1,12.9,0.3,3.6,14.2,14.5,,0.3,0.2,0.4,.115,,-1.6,1.0,-0.6,0.1
111,Chris Clemons\clemoch01,SG,22,HOU,26,231,13.6,.566,.769,.043,0.9,8.5,4.7,12.7,1.2,1.8,11.8,24.0,,0.1,0.2,0.3,.064,,0.0,-3.7,-3.7,-0.1
112,Antonius Cleveland\clevean01,SG,25,DAL,3,14,7.4,.667,.333,.000,0.0,22.0,11.2,0.0,0.0,0.0,25.0,12.2,,0.0,0.0,0.0,-0.005,,-6.9,-4.7,-11.6,0.0
113,Amir Coffey\coffeam01,SG,22,LAC,2,5,35.7,.833,.667,.000,0.0,0.0,0.0,43.4,0.0,0.0,0.0,24.7,,0.0,0.0,0.0,.443,,14.7,-12.5,2.2,0.0
114,John Collins\collijo01,PF,22,ATL,23,700,21.9,.620,.265,.198,8.5,27.7,18.0,6.7,1.1,5.0,10.0,23.1,,1.4,0.8,2.2,.148,,0.4,0.2,0.6,0.5
115,Zach Collins\colliza01,PF,22,POR,3,86,9.0,.624,.368,.316,4.8,9.4,7.2,9.2,0.0,2.0,21.7,13.6,,0.1,0.0,0.1,.048,,-1.8,-1.5,-3.3,0.0
116,Mike Conley\conlemi01,PG,32,UTA,28,764,11.8,.494,.415,.274,2.4,9.1,5.9,22.0,1.2,0.4,12.9,23.4,,0.1,0.8,0.9,.055,,-0.9,-1.0,-2.0,0.0
117,Pat Connaughton\connapa01,SG,27,MIL,44,781,11.0,.535,.516,.133,4.6,18.5,12.0,11.3,0.8,2.6,15.0,12.4,,0.5,1.4,1.9,.116,,-2.1,2.2,0.1,0.4
118,Quinn Cook\cookqu01,PG,26,LAL,31,374,11.1,.525,.364,.058,1.8,8.8,5.4,14.1,1.3,0.2,12.2,20.4,,0.0,0.4,0.4,.050,,-2.3,-2.3,-4.6,-0.3
119,Tyler Cook\cookty01,PF,22,CLE,11,35,24.2,.752,.000,.600,12.5,19.0,15.8,4.6,1.4,0.0,7.3,16.6,,0.2,0.0,0.2,.247,,2.5,-3.2,-0.7,0.0
120,Robert Covington\covinro01,PF,29,MIN,46,1346,13.6,.573,.631,.186,2.5,19.3,10.6,6.0,2.6,2.6,12.0,17.9,,0.6,1.8,2.4,.087,,-0.7,1.3,0.6,0.9
121,Allen Crabbe\crabbal01,SG,27,ATL,28,522,7.3,.482,.650,.084,2.0,11.5,6.7,7.4,1.3,0.6,7.5,12.7,,0.0,0.2,0.1,.013,,-2.7,-1.6,-4.4,-0.3
122,Allen Crabbe\crabbal01,SG,27,TOT,32,585,6.6,.476,.658,.087,1.8,11.3,6.5,7.3,1.2,0.6,8.2,12.9,,-0.1,0.2,0.0,.004,,-3.1,-1.8,-4.9,-0.4
123,Allen Crabbe\crabbal01,SG,27,MIN,4,63,1.0,.424,.722,.111,0.0,10.2,5.0,6.6,0.0,0.0,13.7,14.4,,-0.1,0.0,-0.1,-0.072,,-6.1,-3.3,-9.4,-0.1
124,Torrey Craig\craigto01,SF,29,DEN,36,593,9.7,.522,.483,.159,6.0,13.2,9.6,5.2,1.2,3.7,9.4,12.4,,0.3,0.7,1.1,.085,,-2.1,1.1,-0.9,0.2
125,Jae Crowder\crowdja01,SF,29,MEM,44,1297,11.1,.508,.668,.241,3.3,18.9,11.2,12.0,1.7,0.9,11.0,15.8,,0.5,1.1,1.6,.057,,-0.4,0.3,-0.1,0.6
126,Jarrett Culver\culveja01,SG,20,MIN,46,1138,9.6,.450,.391,.204,4.9,10.3,7.5,11.6,1.9,2.3,11.4,19.8,,-1.1,1.0,-0.1,-0.006,,-3.4,0.2,-3.2,-0.3
127,Seth Curry\curryse01,SG,29,DAL,46,1057,14.3,.612,.573,.173,2.1,7.1,4.6,11.3,1.2,0.6,9.4,18.0,,2.1,0.5,2.6,.117,,1.9,-2.2,-0.3,0.5
128,Stephen Curry\curryst01,PG,31,GSW,4,112,20.5,.548,.561,.273,3.7,15.8,9.5,42.5,2.1,1.6,16.9,33.8,,0.1,0.1,0.2,.073,,4.5,-1.2,3.3,0.1
129,Troy Daniels\danietr01,SG,28,LAL,35,414,9.7,.538,.683,.092,3.0,7.7,5.4,4.5,0.9,0.6,5.1,15.9,,0.3,0.4,0.7,.080,,-0.6,-2.6,-3.2,-0.1
130,Anthony Davis\davisan02,PF,26,LAL,40,1388,28.3,.612,.196,.449,6.8,22.1,14.6,15.1,2.1,6.4,10.0,29.6,,4.7,2.9,7.6,.262,,3.4,3.7,7.1,3.2
131,Ed Davis\davised01,C,30,UTA,24,255,6.5,.394,.000,.344,11.7,26.5,19.4,4.0,1.9,2.9,26.1,8.5,,-0.1,0.5,0.4,.070,,-5.1,3.8,-1.2,0.0
132,Terence Davis\daviste02,SG,22,TOR,49,811,15.2,.606,.565,.130,4.6,16.6,10.7,16.4,1.5,1.2,14.1,17.9,,1.2,1.3,2.5,.149,,0.9,0.6,1.5,0.7
133,Dewayne Dedmon\dedmode01,C,30,SAC,33,506,8.7,.488,.417,.172,9.1,25.9,17.3,3.4,1.3,3.9,19.7,18.8,,-0.6,0.6,0.0,.000,,-5.8,-0.1,-5.9,-0.5
134,Matthew Dellavedova\dellama01,PG,29,CLE,44,554,7.5,.434,.524,.222,2.4,7.8,5.1,28.5,1.3,0.2,22.0,13.7,,-0.1,0.0,-0.1,-0.005,,-3.4,-3.2,-6.7,-0.7
135,DeMar DeRozan\derozde01,SF,30,SAS,47,1617,22.0,.608,.039,.431,2.1,15.5,8.8,24.2,1.4,0.6,11.6,26.9,,4.4,0.9,5.3,.158,,2.5,-0.9,1.6,1.5
136,Cheick Diallo\diallch01,C,23,PHO,31,277,17.8,.700,.025,.333,7.4,23.2,15.1,8.2,1.2,1.6,14.7,16.7,,0.6,0.3,0.9,.162,,-1.1,-0.1,-1.2,0.1
137,Hamidou Diallo\diallha01,SF,21,OKC,30,586,8.7,.483,.148,.206,4.7,14.9,10.0,4.5,2.1,0.9,13.1,17.8,,-0.5,0.7,0.2,.016,,-4.8,0.1,-4.8,-0.4
138,Gorgui Dieng\dienggo01,C,30,MIN,43,748,18.1,.559,.432,.211,9.3,25.5,17.1,11.6,2.3,4.4,11.8,18.2,,1.0,1.2,2.2,.142,,-0.2,2.7,2.5,0.8
139,Spencer Dinwiddie\dinwisp01,SG,26,BRK,47,1463,18.2,.542,.378,.411,1.4,9.2,5.4,34.9,1.0,0.9,12.5,30.2,,2.3,1.2,3.5,.114,,2.4,-2.2,0.2,0.8
140,Donte DiVincenzo\divindo01,SG,23,MIL,43,978,15.0,.563,.480,.162,4.4,15.2,10.2,13.3,3.0,1.1,12.9,16.7,,1.0,2.2,3.2,.155,,0.2,2.5,2.8,1.2
141,Luka Dončić\doncilu01,PG,20,DAL,43,1411,29.1,.589,.445,.441,4.6,25.3,15.1,46.3,1.6,0.4,14.6,37.2,,5.3,1.7,7.0,.238,,9.5,1.8,11.4,4.8
142,Luguentz Dort\dortlu01,SG,20,OKC,15,318,7.4,.548,.494,.286,1.8,4.7,3.3,5.2,2.0,0.3,10.3,13.4,,0.1,0.3,0.4,.058,,-1.5,-0.7,-2.1,0.0
143,Damyean Dotson\dotsoda01,SG,25,NYK,42,733,11.3,.537,.567,.119,1.1,10.5,5.6,9.8,1.3,0.5,6.7,16.4,,0.6,0.2,0.8,.054,,-0.6,-2.3,-2.9,-0.2
144,Sekou Doumbouya\doumbse01,SF,19,DET,22,423,8.3,.525,.402,.252,2.9,15.5,9.2,3.1,1.3,1.4,11.9,16.4,,-0.1,0.3,0.2,.019,,-3.8,-1.5,-5.3,-0.4
145,PJ Dozier\doziepj01,PG,23,DEN,9,127,13.2,.524,.345,.091,0.9,14.8,7.8,22.8,1.2,1.4,10.9,21.8,,0.1,0.1,0.2,.083,,-1.4,-1.4,-2.8,0.0
146,Goran Dragić\dragigo01,PG,33,MIA,36,1007,16.4,.582,.471,.306,2.0,9.4,5.9,28.9,1.0,0.7,15.9,25.7,,1.4,0.8,2.2,.103,,1.6,-2.5,-0.8,0.3
147,Andre Drummond\drumman01,C,26,DET,46,1550,21.5,.545,.034,.391,15.1,37.3,26.2,13.2,2.9,4.3,18.7,25.0,,0.6,3.1,3.6,.113,,-1.8,4.5,2.7,1.8
148,Jared Dudley\dudleja01,SF,34,LAL,33,286,8.1,.619,.696,.043,1.6,12.3,7.1,7.7,1.8,0.9,11.3,7.8,,0.3,0.4,0.7,.111,,-1.2,0.7,-0.6,0.1
149,Kris Dunn\dunnkr01,PG,25,CHI,51,1269,12.2,.510,.327,.158,1.9,14.6,8.0,19.9,3.8,1.3,15.7,14.6,,0.3,2.1,2.4,.091,,-2.1,2.8,0.7,0.9
150,Carsen Edwards\edwarca01,SG,21,BOS,30,287,6.4,.436,.608,.127,1.9,13.0,7.5,10.3,1.7,0.6,12.2,18.2,,-0.3,0.4,0.0,.007,,-3.9,-1.0,-5.0,-0.2
151,Henry Ellenson\ellenhe01,PF,23,BRK,5,15,-1.2,.143,.571,.000,14.0,26.8,20.6,8.8,0.0,0.0,0.0,19.5,,-0.1,0.0,-0.1,-0.185,,-9.9,-3.1,-12.9,0.0
152,Wayne Ellington\ellinwa01,SG,32,NYK,24,338,5.9,.454,.822,.079,0.6,11.9,6.0,9.5,1.3,0.6,11.8,14.8,,-0.3,0.1,-0.1,-0.019,,-3.0,-2.0,-5.0,-0.3
153,Joel Embiid\embiijo01,C,25,PHI,33,1024,25.3,.594,.239,.503,9.1,34.4,21.9,17.3,1.2,3.6,13.4,31.6,,2.3,2.1,4.4,.207,,1.6,2.3,3.9,1.5
154,James Ennis\ennisja01,SF,29,PHI,47,756,12.5,.567,.466,.276,7.1,14.4,10.8,7.4,1.4,1.5,10.8,15.9,,0.9,1.0,1.9,.123,,-0.8,0.0,-0.8,0.2
155,Drew Eubanks\eubandr01,PF,22,SAS,7,38,21.5,.685,.000,.214,17.0,27.7,22.4,8.3,0.0,2.3,20.7,21.9,,0.1,0.0,0.1,.151,,-0.5,-2.2,-2.6,0.0
156,Jacob Evans\evansja02,SG,22,GSW,24,351,4.3,.428,.272,.219,2.1,8.5,5.2,10.0,1.2,2.3,16.7,18.2,,-0.7,0.1,-0.6,-0.078,,-7.3,-1.5,-8.7,-0.6
157,Dante Exum\exumda01,SG,24,CLE,16,274,11.5,.584,.333,.435,1.6,11.8,6.6,11.4,1.4,0.9,14.6,15.0,,0.2,0.1,0.3,.057,,-1.9,-1.4,-3.3,-0.1
158,Dante Exum\exumda01,SG,24,TOT,27,357,10.0,.566,.315,.348,2.2,11.6,6.9,11.5,1.2,1.2,18.5,15.7,,0.1,0.2,0.2,.033,,-2.9,-1.0,-3.9,-0.2
159,Dante Exum\exumda01,SG,24,UTA,11,83,4.9,.503,.261,.087,4.1,11.3,7.9,11.8,0.6,2.0,29.5,17.8,,-0.2,0.1,-0.1,-0.045,,-6.3,0.3,-6.0,-0.1
160,Tacko Fall\fallta01,C,24,BOS,4,21,23.7,.690,.000,.273,0.0,50.9,25.6,0.0,0.0,8.7,19.6,31.1,,0.0,0.1,0.0,.077,,-10.8,-4.1,-15.0,-0.1
161,Derrick Favors\favorde01,C,28,NOP,30,725,20.6,.633,.019,.226,14.1,29.7,21.8,11.3,1.2,3.8,13.7,15.4,,1.8,0.9,2.7,.178,,0.6,2.5,3.1,0.9
162,Cristiano Felício\feliccr01,PF,27,CHI,11,181,12.6,.714,.040,.400,13.3,15.1,14.2,4.7,0.8,0.5,21.4,8.9,,0.3,0.2,0.5,.133,,-1.4,-0.2,-1.6,0.0
163,Terrance Ferguson\fergute01,SF,21,OKC,36,935,4.7,.533,.771,.066,2.5,4.6,3.5,4.8,1.1,1.1,13.2,9.3,,0.1,0.6,0.7,.036,,-1.2,0.2,-1.0,0.2
164,Bruno Fernando\fernabr01,C,21,ATL,42,523,11.4,.537,.207,.269,10.3,19.1,14.7,10.5,1.2,2.4,19.0,15.8,,0.1,0.4,0.5,.045,,-3.1,0.1,-3.0,-0.1
165,Yogi Ferrell\ferreyo01,PG,26,SAC,37,427,12.7,.541,.386,.221,1.3,10.3,5.7,18.0,1.4,0.7,11.2,18.3,,0.4,0.2,0.7,.075,,-1.6,-2.2,-3.8,-0.2
166,Dorian Finney-Smith\finnedo01,PF,26,DAL,48,1418,12.1,.592,.582,.224,7.5,12.0,9.8,6.0,1.1,1.5,10.7,12.4,,2.2,1.0,3.2,.110,,1.3,0.3,1.6,1.3
167,Bryn Forbes\forbebr01,SG,26,SAS,47,1202,10.4,.543,.638,.135,1.0,8.0,4.5,10.0,0.9,0.0,8.4,18.8,,0.6,0.2,0.8,.034,,0.5,-3.4,-2.9,-0.3
168,Evan Fournier\fournev01,SG,27,ORL,47,1477,16.7,.589,.448,.243,0.7,8.6,4.5,18.4,1.6,0.6,11.2,24.7,,2.1,1.5,3.5,.114,,2.3,-1.7,0.6,1.0
169,De'Aaron Fox\foxde01,PG,22,SAC,30,940,20.8,.551,.211,.409,2.7,12.9,7.6,38.4,2.6,1.6,15.6,29.5,,1.3,1.0,2.3,.118,,2.2,0.3,2.5,1.1
170,Melvin Frazier\frazime01,SG,23,ORL,13,47,9.5,.480,.412,.235,2.2,7.0,4.5,3.2,4.2,3.8,9.6,19.1,,0.0,0.1,0.0,.042,,-4.4,1.6,-2.8,0.0
171,Michael Frazier\frazimi01,SG,25,HOU,5,40,5.6,.511,.778,.444,2.6,5.2,3.9,3.2,1.2,0.0,0.0,11.0,,0.0,0.0,0.1,.074,,-1.8,-2.9,-4.7,0.0
172,Tim Frazier\fraziti01,PG,29,DET,27,355,9.8,.464,.319,.255,2.9,7.6,5.2,36.0,1.9,0.9,25.6,17.1,,-0.1,0.2,0.1,.018,,-3.8,-2.6,-6.4,-0.4
173,Markelle Fultz\fultzma01,PG,21,ORL,47,1298,13.9,.508,.165,.203,1.9,12.1,6.8,27.0,2.3,0.6,14.8,21.2,,0.0,1.6,1.7,.063,,-1.9,0.3,-1.5,0.2
174,Wenyen Gabriel\gabriwe01,PF,22,POR,1,13,-7.8,.000,.333,.000,8.0,0.0,3.9,8.9,0.0,6.5,0.0,9.8,,0.0,0.0,0.0,-0.154,,-8.7,0.8,-7.9,0.0
175,Wenyen Gabriel\gabriwe01,PF,22,TOT,12,74,4.9,.389,.450,.500,7.3,9.4,8.3,7.1,2.0,3.7,17.0,17.3,,-0.1,0.1,-0.1,-0.049,,-5.8,0.3,-5.6,-0.1
176,Wenyen Gabriel\gabriwe01,PF,22,SAC,11,61,7.7,.444,.471,.588,7.2,11.4,9.3,6.8,2.4,3.1,18.9,18.9,,-0.1,0.1,0.0,-0.026,,-5.2,0.2,-5.1,0.0
177,Daniel Gafford\gaffoda01,C,21,CHI,32,411,17.9,.666,.000,.364,9.7,10.8,10.2,5.3,1.1,9.6,11.6,13.5,,0.9,0.6,1.5,.171,,-1.4,4.3,2.9,0.5
178,Danilo Gallinari\gallida01,PF,31,OKC,42,1285,20.1,.619,.552,.359,2.6,17.3,10.2,11.8,1.1,0.3,8.1,24.3,,3.5,1.3,4.8,.178,,3.9,-1.7,2.2,1.4
179,Langston Galloway\gallola01,SG,28,DET,50,1279,12.3,.583,.621,.182,2.0,7.8,4.9,8.2,1.5,0.6,6.5,15.7,,1.8,0.5,2.3,.088,,1.1,-1.7,-0.6,0.4
180,Darius Garland\garlada01,PG,20,CLE,48,1449,8.4,.495,.438,.115,1.6,5.6,3.6,18.1,1.2,0.0,17.6,21.3,,-1.2,-0.1,-1.3,-0.043,,-2.4,-3.3,-5.7,-1.4
181,Marc Gasol\gasolma01,C,35,TOR,35,974,12.2,.551,.537,.156,3.2,20.8,12.1,17.0,1.4,3.3,14.8,12.7,,0.9,1.8,2.7,.132,,-1.0,3.6,2.5,1.1
182,Rudy Gay\gayru01,PF,33,SAS,44,964,14.8,.549,.384,.253,4.7,22.7,13.8,11.8,1.0,2.1,13.6,21.1,,0.5,0.8,1.3,.064,,-1.1,-0.5,-1.6,0.1
183,Paul George\georgpa01,SF,29,LAC,27,819,20.4,.581,.513,.288,1.5,18.1,10.0,20.0,2.2,1.3,13.9,31.1,,1.1,1.3,2.4,.141,,2.9,0.4,3.4,1.1
184,Taj Gibson\gibsota01,C,34,NYK,46,759,14.4,.572,.055,.180,10.9,16.6,13.6,8.7,1.5,2.5,14.3,14.0,,1.0,0.6,1.5,.097,,-1.3,0.9,-0.4,0.3
185,Harry Giles\gilesha01,PF,21,SAC,22,243,13.6,.510,.000,.156,6.3,21.5,13.7,18.4,2.4,3.5,16.5,20.7,,0.0,0.3,0.3,.067,,-4.0,2.4,-1.6,0.0
186,Shai Gilgeous-Alexander\gilgesh01,SG,21,OKC,50,1776,17.2,.553,.230,.332,2.4,16.3,9.6,14.2,1.6,1.5,10.1,24.2,,1.9,2.2,4.0,.109,,-0.3,0.5,0.2,1.0
187,Rudy Gobert\goberru01,C,27,UTA,46,1582,22.9,.692,.000,.699,12.2,32.9,23.0,7.0,1.0,4.8,14.9,17.1,,4.7,3.3,7.9,.241,,1.2,4.1,5.3,2.9
188,Brandon Goodwin\goodwbr01,PG,24,ATL,19,241,12.0,.500,.451,.142,3.1,13.5,8.2,18.6,1.9,1.0,13.0,23.7,,-0.1,0.1,0.1,.012,,-2.0,-2.2,-4.2,-0.1
189,Aaron Gordon\gordoaa01,PF,24,ORL,42,1331,13.0,.493,.318,.258,5.3,19.1,11.9,14.3,1.1,1.4,10.5,20.5,,0.1,1.6,1.7,.062,,-1.8,0.8,-1.0,0.3
190,Eric Gordon\gordoer01,SG,31,HOU,24,720,11.3,.531,.671,.249,0.9,6.3,3.6,7.3,0.8,1.1,7.2,22.1,,0.5,0.3,0.8,.053,,-0.5,-3.5,-4.0,-0.4
191,Devonte' Graham\grahade01,PG,24,CHO,48,1687,15.8,.535,.615,.255,2.2,9.3,5.6,35.7,1.3,0.7,14.7,24.8,,2.0,0.6,2.5,.072,,2.8,-2.8,0.0,0.9
192,Treveon Graham\grahatr01,SG,26,ATL,6,38,-1.2,.304,.667,.222,5.6,8.6,7.1,0.0,0.0,0.0,9.2,11.8,,-0.1,0.0,-0.1,-0.110,,-8.0,-5.5,-13.5,-0.1
193,Treveon Graham\grahatr01,SG,26,TOT,39,701,5.8,.440,.484,.212,4.5,11.4,7.8,5.9,1.1,0.2,9.0,13.0,,-0.3,0.4,0.1,.004,,-3.9,-1.2,-5.2,-0.6
194,Treveon Graham\grahatr01,SG,26,MIN,33,663,6.2,.447,.474,.211,4.4,11.5,7.9,6.3,1.2,0.2,9.0,13.1,,-0.2,0.4,0.1,.011,,-3.7,-1.0,-4.7,-0.4
195,Jerami Grant\grantje01,PF,25,DEN,49,1252,14.0,.574,.393,.319,3.9,11.6,7.7,6.4,1.2,3.1,7.9,17.8,,1.7,1.4,3.0,.116,,-0.3,0.1,-0.2,0.6
196,Josh Gray\grayjo01,PG,26,NOP,2,23,-5.0,.500,.000,.000,4.5,4.7,4.6,10.5,0.0,0.0,71.4,12.5,,-0.1,0.0,-0.1,-0.233,,-11.3,-1.8,-13.2,-0.1
197,Danny Green\greenda02,SG,32,LAL,46,1151,11.5,.559,.690,.117,3.2,12.0,7.7,6.7,2.4,1.7,9.8,14.7,,0.9,1.7,2.6,.107,,0.4,1.1,1.5,1.0
198,Draymond Green\greendr01,PF,29,GSW,36,1052,12.4,.484,.398,.280,2.0,21.7,11.5,29.4,2.4,2.4,20.5,15.9,,-0.2,1.2,0.9,.043,,-2.7,2.1,-0.7,0.4
199,JaMychal Green\greenja01,PF,29,LAC,39,820,10.8,.549,.655,.164,7.4,24.3,16.0,4.5,1.1,1.6,13.2,13.7,,0.5,1.3,1.8,.107,,-1.3,0.7,-0.6,0.3
200,Javonte Green\greenja02,SF,26,BOS,37,338,14.4,.585,.231,.374,5.1,14.5,9.9,7.4,2.6,1.3,10.2,14.9,,0.5,0.6,1.0,.145,,-1.1,1.0,-0.2,0.2
201,Jeff Green\greenje02,PF,33,UTA,30,553,10.2,.523,.533,.323,2.9,12.6,8.0,5.2,1.1,1.5,10.8,19.7,,0.0,0.6,0.7,.057,,-2.1,-0.7,-2.8,-0.1
202,Blake Griffin\griffbl01,PF,30,DET,18,512,12.0,.476,.444,.392,3.7,14.7,9.2,17.7,0.7,1.1,12.0,28.2,,-0.3,0.2,-0.1,-0.008,,-2.1,-2.5,-4.6,-0.3
203,Marko Guduric\gudurma01,SG,24,MEM,32,430,7.1,.482,.519,.156,3.0,12.3,7.7,12.0,1.2,1.4,19.1,17.3,,-0.5,0.2,-0.2,-0.026,,-4.0,-1.2,-5.2,-0.3
204,Kyle Guy\guyky01,SG,22,SAC,2,4,10.1,.500,.500,.000,0.0,0.0,0.0,0.0,0.0,0.0,0.0,21.8,,0.0,0.0,0.0,-0.018,,-3.4,-7.6,-10.9,0.0
205,Rui Hachimura\hachiru01,PF,21,WAS,25,729,14.2,.533,.158,.178,5.6,16.5,10.9,8.0,1.2,0.4,5.8,19.7,,0.8,0.0,0.9,.056,,-1.0,-2.6,-3.6,-0.3
206,Devon Hall\hallde01,SG,24,OKC,5,20,3.6,.370,.400,.800,0.0,5.3,2.8,19.2,0.0,0.0,12.9,17.1,,0.0,0.0,0.0,-0.059,,-6.8,-4.6,-11.5,0.0
207,Tim Hardaway\hardati02,SG,27,DAL,45,1199,14.3,.570,.589,.174,1.4,9.9,5.7,9.3,1.1,0.3,6.4,21.2,,1.9,0.6,2.5,.102,,1.6,-2.7,-1.1,0.3
208,James Harden\hardeja01,SG,30,HOU,45,1669,28.9,.616,.549,.515,3.0,14.8,8.9,33.4,2.1,2.1,13.7,37.0,,6.8,1.9,8.7,.251,,8.9,-0.1,8.8,4.6
209,Maurice Harkless\harklma01,SF,26,LAC,47,1079,9.5,.568,.325,.204,4.5,13.2,8.9,5.7,2.0,2.4,16.4,10.2,,0.4,1.6,2.0,.090,,-1.7,3.1,1.3,0.9
210,Jared Harper\harpeja01,PG,22,PHO,1,2,-19.5,.000,1.000,.000,0.0,0.0,0.0,0.0,0.0,0.0,0.0,21.2,,0.0,0.0,0.0,-0.516,,-16.4,-7.3,-23.7,0.0
211,Montrezl Harrell\harremo01,C,26,LAC,47,1350,22.8,.591,.023,.415,10.2,15.4,12.8,10.8,1.1,3.6,10.2,26.1,,3.2,1.9,5.0,.178,,1.0,1.2,2.2,1.4
212,Gary Harris\harriga01,SG,25,DEN,40,1288,10.0,.514,.429,.165,1.8,7.8,4.8,9.3,2.2,0.8,8.9,15.3,,0.5,1.4,1.8,.067,,-1.1,0.3,-0.8,0.4
213,Joe Harris\harrijo01,SF,28,BRK,46,1452,11.9,.581,.541,.127,2.9,10.3,6.7,10.1,1.0,0.7,11.5,17.4,,1.3,1.2,2.4,.081,,0.1,-0.7,-0.6,0.5
214,Tobias Harris\harrito02,PF,27,PHI,49,1689,16.8,.565,.315,.204,2.3,19.2,10.8,13.7,1.1,1.5,8.5,23.6,,2.2,2.4,4.6,.130,,0.2,0.2,0.4,1.0
215,Shaquille Harrison\harrish01,SF,26,CHI,29,213,15.2,.504,.227,.373,3.4,16.0,9.5,19.9,2.7,2.2,8.4,19.2,,0.2,0.3,0.5,.119,,-2.2,1.1,-1.2,0.0
216,Josh Hart\hartjo01,SF,24,NOP,42,1184,11.5,.560,.679,.184,3.7,19.9,11.7,6.7,1.8,1.3,11.5,15.5,,0.8,1.1,1.8,.074,,-0.4,0.1,-0.3,0.5
217,Isaiah Hartenstein\harteis01,C,21,HOU,20,248,19.6,.704,.049,.426,11.3,24.7,18.0,9.4,1.5,4.1,17.2,14.4,,0.7,0.4,1.1,.204,,-0.4,2.0,1.7,0.2
218,Udonis Haslem\hasleud01,PF,39,MIA,2,11,16.1,.906,.000,4.000,0.0,28.9,15.3,0.0,0.0,0.0,0.0,11.1,,0.1,0.0,0.1,.291,,-1.8,-5.6,-7.5,0.0
219,Jaxson Hayes\hayesja02,C,19,NOP,46,880,18.2,.678,.019,.735,8.9,16.1,12.4,7.1,1.1,4.8,11.5,15.1,,2.4,0.8,3.2,.174,,0.3,1.4,1.8,0.8
220,Gordon Hayward\haywago01,SF,29,BOS,31,1006,18.7,.608,.310,.185,3.3,17.4,10.4,18.7,1.1,1.2,11.5,21.0,,2.2,1.3,3.5,.169,,2.2,0.5,2.6,1.2
221,John Henson\hensojo01,PF,29,CLE,26,348,17.3,.534,.262,.291,8.5,22.0,15.2,15.3,2.0,6.9,13.4,16.5,,0.3,0.4,0.8,.107,,-1.1,3.8,2.7,0.4
222,Dewan Hernandez\hernade01,C,23,TOR,4,11,4.3,.340,.200,.400,19.4,46.7,33.3,0.0,4.3,0.0,14.5,26.8,,0.0,0.0,0.0,.008,,-14.0,-6.0,-20.0,0.0
223,Juan Hernangómez\hernaju01,PF,24,DEN,32,382,6.9,.446,.574,.198,5.4,17.4,11.3,7.2,0.5,0.7,11.3,14.0,,-0.2,0.3,0.2,.022,,-3.8,-1.3,-5.2,-0.3
224,Willy Hernangómez\hernawi01,C,25,CHO,19,165,22.2,.616,.209,.507,13.3,26.3,19.5,9.1,1.2,2.8,14.6,25.4,,0.3,0.2,0.4,.123,,-0.5,-1.5,-2.0,0.0
225,Tyler Herro\herroty01,SG,20,MIA,44,1236,11.5,.531,.470,.149,1.3,14.5,8.3,11.4,1.1,0.5,11.7,22.0,,-0.2,1.2,1.0,.039,,-1.9,-1.5,-3.4,-0.4
226,Kevin Hervey\herveke01,PF,23,OKC,6,13,-12.4,.000,.800,.000,0.0,16.4,8.5,9.3,0.0,0.0,0.0,16.9,,-0.1,0.0,-0.1,-0.357,,-13.8,-3.2,-17.0,0.0
227,Mario Hezonja\hezonma01,PF,24,POR,35,577,7.5,.484,.338,.309,3.8,19.4,11.7,6.1,1.6,0.7,15.1,13.6,,-0.2,0.5,0.3,.022,,-3.9,-0.2,-4.1,-0.3
228,Buddy Hield\hieldbu01,SG,27,SAC,48,1624,15.3,.553,.571,.126,3.0,14.2,8.4,15.2,1.2,0.9,12.1,26.9,,0.9,1.1,2.0,.058,,1.6,-1.9,-0.3,0.7
229,George Hill\hillge01,PG,33,MIL,44,928,18.3,.685,.463,.237,4.5,9.3,7.1,19.0,1.6,0.4,11.8,15.8,,3.0,1.4,4.4,.227,,3.4,-0.1,3.4,1.3
230,Solomon Hill\hillso01,SF,28,MEM,47,887,10.5,.551,.634,.164,2.9,14.2,8.6,13.2,1.6,0.7,13.6,13.5,,0.6,0.6,1.2,.063,,-0.6,-0.4,-1.1,0.2
231,Jaylen Hoard\hoardja01,SF,20,POR,12,94,14.0,.473,.103,.379,14.4,18.3,16.4,5.9,2.5,0.0,10.6,17.0,,0.1,0.1,0.1,.076,,-2.3,-1.2,-3.4,0.0
232,Aaron Holiday\holidaa01,PG,23,IND,45,1052,13.5,.537,.407,.132,1.8,9.1,5.4,21.3,1.6,0.8,12.2,20.6,,0.8,1.0,1.8,.083,,0.1,-1.2,-1.1,0.2
233,Jrue Holiday\holidjr01,SG,29,NOP,40,1411,17.5,.527,.333,.169,3.9,10.5,7.2,27.9,2.3,2.0,13.3,25.5,,1.3,1.1,2.4,.082,,1.4,0.1,1.5,1.2
234,Justin Holiday\holidju01,SG,30,IND,48,1210,12.4,.584,.655,.127,1.8,13.1,7.5,7.9,2.0,2.1,6.8,13.3,,1.4,1.6,2.9,.117,,0.9,1.4,2.3,1.3
235,Rondae Hollis-Jefferson\holliro01,SF,25,TOR,38,747,16.0,.530,.061,.441,11.4,15.0,13.2,12.7,2.3,1.9,11.9,17.8,,1.1,1.3,2.4,.157,,-1.0,2.4,1.4,0.6
236,Richaun Holmes\holmeri01,C,26,SAC,37,1087,21.0,.692,.000,.301,11.4,21.5,16.3,5.3,1.8,4.5,11.6,15.9,,3.2,1.4,4.6,.205,,1.2,2.3,3.5,1.5
237,Rodney Hood\hoodro01,SF,27,POR,21,619,12.3,.625,.413,.157,1.7,10.1,6.0,7.2,1.3,0.5,9.4,13.9,,0.9,0.2,1.2,.090,,0.7,-1.1,-0.4,0.2
238,Al Horford\horfoal01,C,33,PHI,44,1370,15.9,.526,.379,.108,5.6,18.0,11.9,18.9,1.5,2.5,8.5,18.1,,1.8,2.1,3.9,.138,,0.6,2.1,2.7,1.6
239,Talen Horton-Tucker\hortota01,SG,19,LAL,2,5,15.0,.000,1.000,.000,0.0,0.0,0.0,45.0,9.5,0.0,0.0,8.5,,0.0,0.0,0.0,.107,,-5.7,-3.8,-9.5,0.0
240,Danuel House\houseda01,SF,26,HOU,42,1283,10.8,.569,.649,.191,3.3,10.8,7.0,5.5,1.6,1.7,9.5,13.4,,1.3,1.1,2.4,.088,,-0.3,0.1,-0.2,0.6
241,Dwight Howard\howardw01,C,34,LAL,47,937,18.8,.691,.025,.634,14.5,27.1,21.0,4.7,1.1,6.3,18.1,14.2,,2.0,1.9,3.8,.196,,-0.4,3.2,2.8,1.1
242,Kevin Huerter\huertke01,SG,21,ATL,38,1092,11.7,.543,.550,.130,2.2,13.9,8.0,16.5,1.4,1.4,13.4,17.5,,0.5,0.5,1.0,.045,,-0.6,-0.8,-1.4,0.2
243,De'Andre Hunter\huntede01,SF,22,ATL,48,1492,8.4,.515,.433,.203,1.7,11.4,6.5,8.6,1.0,0.7,11.8,18.0,,-0.4,0.4,-0.1,-0.002,,-2.7,-1.8,-4.5,-1.0
244,Chandler Hutchison\hutchch01,SF,23,CHI,24,408,13.7,.562,.213,.449,2.6,20.6,11.2,7.2,2.7,1.4,12.6,18.3,,0.1,0.6,0.8,.091,,-3.7,0.9,-2.8,-0.1
245,Serge Ibaka\ibakase01,C,30,TOR,39,1032,18.3,.586,.231,.201,8.7,22.9,15.9,8.2,1.0,2.9,12.6,24.4,,1.1,1.9,3.0,.139,,-1.0,0.6,-0.4,0.4
246,Ersan İlyasova\ilyaser01,PF,32,MIL,44,726,17.4,.612,.439,.276,7.1,23.1,15.6,7.8,1.2,1.6,8.3,17.1,,1.6,1.5,3.1,.204,,0.5,0.7,1.1,0.6
247,Joe Ingles\inglejo01,SF,32,UTA,48,1440,13.3,.592,.623,.165,1.4,13.0,7.5,23.6,1.4,0.3,17.0,15.7,,2.1,1.7,3.8,.126,,1.6,0.5,2.1,1.5
248,Brandon Ingram\ingrabr01,PF,22,NOP,44,1506,20.7,.597,.340,.348,2.7,17.0,9.8,20.4,1.3,1.9,12.6,28.7,,3.2,1.1,4.3,.137,,2.8,-0.7,2.1,1.6
249,Kyrie Irving\irvinky01,PG,27,BRK,19,629,27.5,.598,.339,.252,3.3,12.6,8.1,38.4,1.9,1.2,9.3,32.9,,2.3,0.7,3.0,.231,,8.1,-0.1,8.0,1.6
250,Jonathan Isaac\isaacjo01,SF,22,ORL,32,949,17.2,.542,.283,.227,6.1,19.1,12.3,7.3,2.6,7.4,11.7,18.3,,0.4,2.0,2.5,.124,,-1.9,5.2,3.2,1.3
251,Wesley Iwundu\iwundwe01,SF,25,ORL,34,620,9.6,.501,.336,.376,3.3,12.4,7.7,8.0,1.7,1.5,8.4,13.2,,0.3,0.7,1.0,.077,,-3.2,0.9,-2.3,0.0
252,Frank Jackson\jacksfr01,PG,21,NOP,40,526,8.0,.504,.451,.243,2.6,7.5,5.0,8.0,1.2,0.5,13.0,20.5,,-0.3,0.2,-0.1,-0.010,,-3.4,-3.2,-6.6,-0.6
253,Jaren Jackson\jacksja02,C,20,MEM,47,1318,17.1,.601,.486,.217,3.9,13.8,8.9,7.4,1.1,5.0,10.6,24.5,,1.6,1.2,2.7,.099,,1.3,-0.4,0.9,1.0
254,Josh Jackson\jacksjo02,SG,22,MEM,2,34,11.1,.477,.400,.267,6.4,12.4,9.4,4.1,2.7,0.0,10.7,23.0,,0.0,0.0,0.0,-0.004,,-3.8,-3.1,-6.9,0.0
255,Justin Jackson\jacksju01,PF,24,DAL,43,698,9.7,.503,.513,.130,2.7,12.4,7.6,6.1,0.6,0.7,3.5,15.9,,0.5,0.4,0.9,.062,,-1.6,-2.2,-3.9,-0.3
256,Reggie Jackson\jacksre01,PG,29,DET,7,160,17.4,.533,.423,.269,2.8,9.2,6.0,27.0,1.8,0.5,10.3,26.3,,0.2,0.1,0.3,.096,,1.6,-2.9,-1.4,0.0
257,Justin James\jamesju01,SG,23,SAC,28,213,10.4,.461,.338,.257,3.1,13.1,8.0,10.2,1.4,4.0,8.9,18.5,,-0.1,0.2,0.1,.020,,-4.4,0.0,-4.4,-0.1
258,LeBron James\jamesle01,PG,35,LAL,45,1569,25.8,.572,.311,.281,3.3,20.3,12.0,50.2,1.8,1.2,15.2,31.5,,4.5,2.4,6.9,.211,,6.5,2.1,8.6,4.2
259,Amile Jefferson\jeffeam01,PF,26,ORL,17,74,9.1,.391,.000,1.077,12.3,19.3,15.7,7.4,0.7,3.7,13.5,13.0,,0.0,0.1,0.1,.037,,-6.3,1.6,-4.8,-0.1
260,DaQuan Jeffries\jeffrda01,SG,22,SAC,3,12,2.0,.333,.333,.000,9.1,0.0,4.7,11.2,0.0,0.0,0.0,10.9,,0.0,0.0,0.0,-0.002,,-3.6,-3.5,-7.1,0.0
261,Ty Jerome\jeromty01,PG,22,PHO,18,212,11.4,.485,.425,.068,2.5,13.3,7.8,21.9,2.7,1.2,13.8,17.4,,0.0,0.2,0.2,.055,,-2.3,0.3,-2.0,0.0
262,Alize Johnson\johnsal02,SF,23,IND,11,46,14.6,.541,.000,.429,14.5,21.7,18.1,6.0,0.0,0.0,5.7,16.9,,0.1,0.0,0.1,.146,,-1.8,-2.8,-4.6,0.0
263,B.J. Johnson\johnsbj01,SF,24,ORL,6,41,5.0,.385,.375,.125,2.5,13.4,7.7,7.3,2.4,0.0,15.1,21.0,,-0.1,0.1,-0.1,-0.092,,-8.1,-1.3,-9.4,-0.1
264,Cameron Johnson\johnsca02,PF,23,PHO,38,754,11.8,.574,.683,.148,5.0,12.1,8.5,6.7,1.1,1.4,8.5,15.9,,0.8,0.5,1.3,.084,,0.3,-1.1,-0.8,0.2
265,James Johnson\johnsja01,PF,32,MIA,17,266,11.5,.550,.542,.169,3.1,16.3,10.1,10.6,0.7,4.7,11.9,16.8,,0.1,0.3,0.4,.080,,-2.0,0.9,-1.1,0.1
266,Keldon Johnson\johnske04,SF,20,SAS,2,7,-2.4,.250,.000,.000,0.0,30.1,15.2,0.0,0.0,0.0,0.0,24.6,,0.0,0.0,0.0,-0.267,,-18.1,-9.0,-27.2,0.0
267,Stanley Johnson\johnsst04,PF,23,TOR,16,80,1.6,.353,.429,.143,4.0,16.7,10.5,8.5,1.8,1.2,21.2,20.2,,-0.3,0.1,-0.2,-0.108,,-9.4,0.1,-9.3,-0.1
268,Tyler Johnson\johnsty01,SG,27,PHO,30,506,8.5,.489,.488,.190,2.1,9.1,5.6,13.4,1.1,1.4,11.6,17.3,,-0.1,0.3,0.2,.020,,-2.9,-1.3,-4.3,-0.3
269,Nikola Jokić\jokicni01,C,24,DEN,49,1570,24.1,.587,.257,.272,8.0,26.4,17.1,33.7,1.7,1.6,14.8,26.7,,4.2,2.4,6.6,.202,,4.8,2.7,7.5,3.8
270,Damian Jones\jonesda03,C,24,ATL,44,716,16.0,.720,.047,.523,9.2,14.6,11.8,5.3,1.1,4.0,11.1,11.9,,1.9,0.5,2.4,.160,,0.0,0.6,0.6,0.5
271,Derrick Jones\jonesde02,SF,22,MIA,33,793,12.8,.566,.382,.349,4.3,14.3,9.6,5.3,2.0,2.7,8.3,14.8,,0.8,1.1,1.9,.117,,-1.2,1.2,0.0,0.4
272,Tyus Jones\jonesty01,PG,23,MEM,49,924,14.2,.515,.271,.118,0.7,8.2,4.5,31.7,2.1,0.6,13.4,15.8,,1.1,0.5,1.7,.086,,-1.2,-2.3,-3.5,-0.4
273,DeAndre Jordan\jordade01,C,31,BRK,39,814,20.4,.682,.000,.431,11.6,35.4,23.8,13.8,0.9,3.8,18.6,14.1,,2.0,1.5,3.5,.206,,-0.8,3.8,3.1,1.0
274,Cory Joseph\josepco01,PG,28,SAC,48,1203,9.5,.491,.350,.150,2.6,9.5,5.9,19.4,1.4,1.3,14.9,13.4,,0.5,0.7,1.2,.050,,-2.3,-0.3,-2.6,-0.2
275,Mfiondu Kabengele\kabenmf01,C,22,LAC,10,44,18.5,.622,.545,.136,2.4,16.0,9.3,3.6,1.1,2.0,4.1,22.8,,0.1,0.1,0.2,.183,,1.2,-2.9,-1.7,0.0
276,Frank Kaminsky\kaminfr01,C,26,PHO,32,718,14.7,.554,.401,.315,4.5,20.1,12.1,14.7,0.9,1.2,9.4,20.7,,0.8,0.6,1.5,.098,,-0.3,-0.6,-0.9,0.2
277,Enes Kanter\kanteen01,C,27,BOS,36,667,24.2,.622,.020,.268,17.3,30.0,23.7,9.0,1.2,4.4,12.4,20.0,,1.9,1.3,3.3,.235,,1.0,2.2,3.2,0.9
278,Luke Kennard\kennalu01,SG,23,DET,28,922,14.4,.589,.535,.219,1.1,10.9,6.0,18.9,0.6,0.5,10.3,19.6,,1.7,0.3,1.9,.102,,1.8,-2.5,-0.6,0.3
279,Stanton Kidd\kiddst01,SF,27,UTA,4,15,-13.7,.000,.333,.000,0.0,20.8,10.9,8.0,0.0,0.0,40.0,14.6,,-0.1,0.0,-0.1,-0.319,,-16.3,0.5,-15.8,-0.1
280,Michael Kidd-Gilchrist\kiddgmi01,PF,26,CHO,12,160,6.2,.421,.321,.170,5.9,18.5,11.9,9.5,0.0,1.7,10.9,17.5,,-0.2,0.1,-0.1,-0.030,,-5.9,-2.1,-8.0,-0.2
281,Louis King\kinglo02,SF,20,DET,8,50,7.6,.464,.471,.176,2.2,15.8,9.0,14.6,1.9,0.0,9.8,17.6,,0.0,0.0,0.0,.010,,-3.2,-1.7,-4.9,0.0
282,Maxi Kleber\klebima01,C,28,DAL,47,1155,14.3,.617,.625,.196,6.6,15.7,11.2,5.6,0.6,3.6,9.5,14.0,,2.2,1.0,3.3,.135,,1.2,0.4,1.7,1.1
283,Brandon Knight\knighbr03,PG,28,CLE,16,241,5.6,.431,.744,.151,1.4,7.8,4.6,18.2,1.0,0.7,14.9,19.1,,-0.3,0.0,-0.3,-0.062,,-3.0,-3.6,-6.6,-0.3
284,Kevin Knox\knoxke01,SF,20,NYK,48,900,9.8,.487,.516,.276,2.0,15.3,8.4,8.1,1.1,2.0,7.9,17.9,,0.0,0.5,0.5,.025,,-2.5,-1.2,-3.7,-0.4
285,John Konchar\konchjo01,SG,23,MEM,5,30,4.7,.500,.500,.000,0.0,7.0,3.6,8.1,0.0,0.0,0.0,5.6,,0.0,0.0,0.0,.026,,-3.6,-2.5,-6.1,0.0
286,Furkan Korkmaz\korkmfu01,SG,22,PHI,48,997,10.4,.554,.619,.117,1.1,9.9,5.6,5.9,1.2,1.0,8.0,17.8,,0.4,1.1,1.5,.074,,-1.1,-1.5,-2.6,-0.1
287,Luke Kornet\kornelu01,C,24,CHI,31,450,12.7,.520,.584,.161,4.2,12.9,8.4,9.3,1.0,5.2,6.4,16.2,,0.3,0.5,0.9,.093,,-1.7,1.1,-0.6,0.2
288,Kyle Korver\korveky01,SF,38,MIL,42,702,11.1,.618,.799,.152,1.5,9.8,5.9,9.2,1.2,1.1,13.9,14.9,,0.7,1.1,1.8,.121,,0.1,-0.3,-0.2,0.3
289,Rodions Kurucs\kurucro01,PF,21,BRK,30,394,9.3,.603,.452,.192,4.0,14.6,9.4,10.3,1.6,0.4,22.1,15.4,,0.0,0.4,0.4,.054,,-2.8,-0.1,-2.9,-0.1
290,Kyle Kuzma\kuzmaky01,PF,24,LAL,38,950,11.8,.534,.423,.230,3.9,14.5,9.3,5.9,0.6,1.4,11.5,23.3,,0.0,1.0,1.0,.052,,-2.3,-2.1,-4.4,-0.6
291,Skal Labissière\labissk01,C,23,POR,33,567,15.4,.588,.088,.224,11.9,18.5,15.3,10.3,0.6,4.6,15.7,14.3,,1.0,0.5,1.5,.125,,-0.5,1.6,1.1,0.4
292,Jeremy Lamb\lambje01,SG,27,IND,37,1069,14.6,.547,.331,.216,2.1,15.4,8.8,10.9,2.1,1.5,8.9,19.9,,0.8,1.5,2.3,.104,,-0.3,0.8,0.5,0.7
293,Romeo Langford\langfro01,SG,20,BOS,13,114,9.1,.563,.417,.333,4.7,5.6,5.2,2.3,1.3,1.6,9.8,11.4,,0.1,0.1,0.2,.090,,-2.1,-0.6,-2.6,0.0
294,Zach LaVine\lavinza01,SG,24,CHI,51,1758,19.5,.565,.407,.286,2.1,13.6,7.6,21.2,1.9,1.2,12.4,31.5,,1.8,2.0,3.8,.103,,2.4,-0.9,1.5,1.5
295,Vic Law\lawvi01,SF,24,ORL,2,4,-20.2,.000,1.000,2.000,0.0,0.0,0.0,0.0,0.0,0.0,0.0,20.3,,0.0,0.0,0.0,-0.535,,-15.7,-6.6,-22.3,0.0
296,Jake Layman\laymaja01,PF,25,MIN,14,369,10.1,.539,.409,.076,3.3,8.5,5.8,4.6,1.5,2.2,11.7,17.3,,-0.1,0.3,0.2,.026,,-2.7,-0.7,-3.3,-0.1
297,T.J. Leaf\leaftj01,PF,22,IND,22,180,13.8,.476,.212,.152,12.4,24.6,18.5,4.6,1.9,1.5,7.9,18.7,,0.0,0.3,0.3,.090,,-3.2,-0.7,-4.0,-0.1
298,Jalen Lecque\lecquja01,PG,19,PHO,1,2,-19.5,.000,.000,.000,0.0,0.0,0.0,0.0,0.0,0.0,0.0,21.2,,0.0,0.0,0.0,-0.516,,-22.3,-5.9,-28.2,0.0
299,Courtney Lee\leeco01,SG,34,DAL,10,80,12.7,.717,.522,.000,0.0,6.4,3.3,5.4,0.0,2.1,8.0,13.3,,0.2,0.0,0.2,.110,,0.3,-2.7,-2.3,0.0
300,Damion Lee\leeda03,SG,27,GSW,33,916,11.9,.525,.380,.290,3.0,17.4,10.0,13.7,1.6,0.3,11.3,18.9,,0.3,0.6,0.9,.047,,-1.9,-1.0,-2.9,-0.2
301,Alex Len\lenal01,C,26,ATL,40,745,17.6,.590,.215,.312,9.8,23.5,16.6,8.8,1.2,3.7,11.7,18.6,,1.1,0.7,1.8,.118,,-1.0,0.4,-0.6,0.3
302,Kawhi Leonard\leonaka01,SF,28,LAC,36,1168,26.8,.579,.267,.338,3.6,20.3,12.1,28.2,2.9,1.7,12.0,34.1,,2.9,2.2,5.1,.209,,4.8,2.6,7.4,2.8
303,Meyers Leonard\leoname01,C,27,MIA,47,943,11.2,.644,.524,.117,3.3,22.8,13.6,7.9,0.7,1.5,13.2,11.7,,1.1,1.1,2.2,.112,,-1.0,0.5,-0.6,0.3
304,Caris LeVert\leverca01,SG,25,BRK,22,582,10.2,.464,.285,.261,3.3,10.6,7.0,19.9,1.4,0.4,14.0,27.1,,-0.9,0.5,-0.3,-0.028,,-3.9,-1.5,-5.4,-0.5
305,Damian Lillard\lillada01,PG,29,POR,47,1746,26.8,.624,.498,.398,1.3,10.8,6.1,34.3,1.3,0.7,10.9,30.1,,7.7,0.6,8.3,.229,,9.1,-2.5,6.7,3.8
306,Nassir Little\littlna01,PF,19,POR,37,463,9.6,.502,.392,.292,6.1,14.4,10.3,5.2,0.9,2.4,9.4,13.7,,0.2,0.3,0.5,.050,,-2.4,-0.7,-3.1,-0.1
307,Kevon Looney\looneke01,C,23,GSW,10,105,6.6,.380,.063,.156,14.7,14.8,14.7,5.6,1.4,1.7,14.9,16.3,,-0.1,0.1,-0.1,-0.035,,-6.5,-1.1,-7.6,-0.1
308,Brook Lopez\lopezbr01,C,31,MIL,46,1211,13.7,.526,.529,.173,2.4,14.0,8.6,7.9,1.2,8.3,8.7,16.5,,0.5,2.8,3.3,.131,,-1.9,4.7,2.8,1.5
309,Robin Lopez\lopezro01,C,31,MIL,44,625,11.9,.566,.323,.204,7.1,11.2,9.3,6.0,0.4,4.4,15.4,17.1,,0.2,1.0,1.2,.096,,-2.7,1.0,-1.7,0.1
310,Kevin Love\loveke01,PF,31,CLE,42,1309,18.0,.600,.518,.295,2.9,31.8,17.3,14.4,0.9,0.9,15.0,23.5,,1.7,0.9,2.6,.095,,1.1,-0.6,0.4,0.8
311,Kyle Lowry\lowryky01,PG,33,TOR,38,1397,17.3,.579,.574,.408,1.6,11.2,6.5,29.3,1.6,1.0,14.3,22.9,,2.8,1.9,4.8,.165,,3.0,-0.1,2.9,1.7
312,Timothé Luwawu-Cabarrot\luwawti01,SG,24,BRK,24,358,8.2,.585,.528,.303,2.6,11.2,7.0,5.5,1.3,0.2,15.8,14.0,,0.1,0.3,0.4,.058,,-2.8,-1.0,-3.8,-0.2
313,Trey Lyles\lylestr01,PF,24,SAS,47,812,11.4,.499,.495,.124,7.7,27.2,17.6,8.5,0.8,1.7,11.2,13.2,,0.4,0.7,1.1,.065,,-1.8,0.0,-1.8,0.0
314,Daryl Macon\maconda01,SG,24,MIA,4,14,-3.0,.500,.667,.000,0.0,0.0,0.0,9.7,0.0,0.0,40.0,15.7,,0.0,0.0,0.0,-0.156,,-9.4,-5.8,-15.2,0.0
315,Josh Magette\magetjo01,PG,30,ORL,8,38,5.3,.378,.267,.133,2.7,14.4,8.3,19.9,3.9,2.4,23.9,23.8,,-0.2,0.1,-0.1,-0.118,,-8.8,2.1,-6.7,0.0
316,Ian Mahinmi\mahinia01,C,33,WAS,27,606,14.8,.562,.128,.564,10.2,19.9,14.9,8.8,1.6,5.2,16.7,16.0,,0.6,0.4,1.0,.078,,-1.6,1.7,0.1,0.3
317,Thon Maker\makerth01,C,22,DET,45,518,13.5,.607,.339,.786,7.4,15.7,11.5,6.5,1.6,4.2,16.6,15.1,,0.6,0.5,1.1,.105,,-1.6,1.1,-0.6,0.2
318,Terance Mann\mannte01,SG,23,LAC,29,240,7.2,.497,.208,.250,1.7,10.1,6.0,17.2,1.2,1.8,20.8,11.5,,0.0,0.3,0.3,.053,,-4.1,0.7,-3.5,-0.1
319,Boban Marjanović\marjabo01,C,31,DAL,24,235,22.3,.597,.073,.312,14.5,31.9,23.3,6.4,0.8,1.8,12.7,25.8,,0.5,0.3,0.8,.166,,-1.7,-2.4,-4.1,-0.1
320,Lauri Markkanen\markkla01,PF,22,CHI,46,1395,14.5,.560,.535,.271,4.3,19.6,11.7,7.9,1.3,1.5,11.1,21.3,,1.0,1.6,2.7,.092,,-0.6,-0.5,-1.0,0.3
321,Caleb Martin\martica02,SF,24,CHO,5,32,5.0,.369,.300,.500,3.3,14.3,8.5,13.8,1.6,5.7,19.7,20.8,,-0.1,0.0,-0.1,-0.113,,-9.2,1.1,-8.2,0.0
322,Cody Martin\martico01,SF,24,CHO,34,499,10.3,.484,.370,.353,4.8,14.9,9.6,13.0,2.4,1.1,12.7,13.8,,0.1,0.4,0.5,.051,,-3.0,0.4,-2.6,-0.1
323,Jeremiah Martin\martije02,PG,23,BRK,1,2,-13.8,.000,.000,.000,0.0,50.3,25.7,0.0,0.0,0.0,0.0,20.9,,0.0,0.0,0.0,-0.424,,-27.5,-7.7,-35.2,0.0
324,Kelan Martin\martike03,SF,24,MIN,18,311,5.6,.438,.518,.045,1.6,18.7,9.9,4.2,0.5,1.6,6.5,16.2,,-0.3,0.2,-0.1,-0.018,,-5.6,-1.9,-7.4,-0.4
325,Frank Mason\masonfr01,PG,25,MIL,4,18,6.1,.285,.571,.571,5.9,5.2,5.5,32.4,2.5,0.0,10.2,22.4,,0.0,0.0,0.0,-0.024,,-4.6,-2.1,-6.7,0.0
326,Garrison Mathews\mathega01,SG,23,WAS,15,196,14.7,.726,.840,.640,3.2,9.9,6.4,6.7,0.7,0.4,9.8,15.0,,0.6,-0.1,0.6,.144,,3.4,-4.4,-1.0,0.1
327,Wesley Matthews\matthwe02,SG,33,MIL,45,1095,8.5,.557,.679,.179,1.0,8.4,4.9,7.3,1.2,0.5,9.5,12.3,,0.6,1.6,2.2,.096,,-1.0,0.2,-0.8,0.3
328,Patrick McCaw\mccawpa01,SF,24,TOR,25,626,8.1,.527,.407,.085,2.0,6.9,4.5,12.7,2.1,0.6,16.4,10.0,,0.2,0.8,1.0,.079,,-2.3,1.4,-1.0,0.2
329,CJ McCollum\mccolcj01,SG,28,POR,45,1609,16.8,.539,.366,.122,1.9,9.5,5.8,17.2,1.0,1.6,7.9,25.7,,2.0,0.5,2.5,.076,,1.6,-2.1,-0.5,0.6
330,T.J. McConnell\mccontj01,PG,27,IND,46,897,16.8,.541,.040,.108,2.6,12.0,7.3,39.2,1.7,0.8,17.8,17.3,,1.4,1.0,2.4,.130,,-0.6,-0.8,-1.4,0.1
331,Jalen McDaniels\mcdanja01,PF,22,CHO,2,7,11.1,.400,.200,.000,14.9,0.0,7.8,0.0,0.0,0.0,0.0,31.2,,0.0,0.0,0.0,-0.104,,-6.5,-11.3,-17.8,0.0
332,Doug McDermott\mcderdo01,PF,28,IND,48,1009,13.9,.621,.532,.096,2.4,11.6,7.0,7.8,0.3,0.3,7.4,19.0,,1.7,0.7,2.4,.113,,1.7,-2.7,-1.0,0.3
333,JaVale McGee\mcgeeja01,C,32,LAL,45,763,21.8,.661,.023,.261,12.9,24.3,18.7,5.8,1.5,8.9,12.4,15.7,,1.9,1.7,3.6,.225,,-0.1,4.8,4.7,1.3
334,Rodney McGruder\mcgruro01,SG,28,LAC,36,618,6.2,.467,.539,.180,3.7,13.4,8.6,5.0,1.4,1.1,11.0,10.3,,-0.1,0.7,0.7,.051,,-2.9,1.2,-1.7,0.0
335,Alfonzo McKinnie\mckinal01,SF,27,CLE,34,482,8.5,.480,.382,.199,6.8,15.7,11.2,3.8,1.9,1.1,13.0,15.1,,-0.2,0.3,0.1,.008,,-3.6,-1.2,-4.7,-0.3
336,Jordan McLaughlin\mclaujo01,PG,23,MIN,13,228,10.9,.490,.476,.159,0.9,9.4,5.0,25.3,2.1,0.0,12.9,14.0,,0.1,0.2,0.3,.064,,-2.3,-1.9,-4.1,-0.1
337,Ben McLemore\mclembe01,SG,26,HOU,48,1128,11.2,.605,.837,.126,1.5,8.6,5.0,5.4,1.2,0.8,9.3,16.0,,1.4,0.7,2.1,.089,,0.7,-2.2,-1.5,0.1
338,Jordan McRae\mcraejo01,SG,28,WAS,29,654,15.4,.523,.334,.262,2.7,15.1,8.7,18.5,1.4,2.0,9.7,24.8,,0.5,0.1,0.6,.046,,-0.3,-2.2,-2.5,-0.1
339,Nicolò Melli\mellini01,C,29,NOP,37,554,11.9,.603,.630,.228,3.6,14.1,8.8,9.3,1.7,1.1,13.6,15.3,,0.6,0.4,1.0,.088,,-0.1,-0.9,-1.0,0.1
340,De'Anthony Melton\meltode01,PG,21,MEM,36,644,17.4,.572,.286,.308,4.2,17.7,11.0,23.0,3.3,1.6,17.2,19.9,,0.8,0.8,1.6,.118,,0.1,1.6,1.8,0.6
341,Chimezie Metu\metuch01,PF,22,SAS,13,58,27.6,.587,.000,.214,16.7,23.6,20.2,8.7,0.8,6.0,6.1,24.3,,0.2,0.1,0.2,.201,,0.8,-0.3,0.5,0.0
342,Khris Middleton\middlkh01,SF,28,MIL,41,1188,22.1,.629,.368,.247,2.9,16.0,9.9,21.2,1.5,0.4,10.9,25.8,,3.5,2.1,5.6,.225,,3.9,0.1,4.0,1.8
343,C.J. Miles\milescj01,SG,32,WAS,10,161,11.2,.472,.593,.339,2.6,5.6,4.1,9.8,2.9,2.1,5.6,18.5,,0.0,0.1,0.1,.028,,-0.9,-2.1,-2.9,0.0
344,Malcolm Miller\millema01,SF,26,TOR,22,117,4.9,.423,.762,.286,0.9,11.4,6.3,8.8,1.6,1.6,11.3,9.7,,-0.1,0.2,0.1,.039,,-4.4,1.0,-3.4,0.0
345,Patty Mills\millspa02,PG,31,SAS,47,1099,14.8,.592,.654,.185,1.6,6.0,3.8,12.1,1.7,0.4,8.4,20.1,,1.7,0.4,2.1,.092,,2.8,-3.1,-0.3,0.5
346,Paul Millsap\millspa01,PF,34,DEN,32,798,17.1,.586,.266,.340,8.7,16.9,12.8,8.2,1.7,2.5,11.5,19.8,,1.4,1.1,2.5,.152,,0.3,0.6,0.9,0.6
347,Shake Milton\miltosh01,SG,23,PHI,16,210,11.7,.587,.560,.333,2.1,15.6,8.9,15.3,0.9,0.4,17.3,21.4,,0.1,0.3,0.4,.081,,-1.4,-1.8,-3.2,-0.1
348,Donovan Mitchell\mitchdo01,SG,23,UTA,47,1614,20.1,.561,.333,.238,2.5,10.6,6.7,22.0,1.6,0.6,10.3,31.1,,2.8,1.9,4.7,.139,,2.6,-0.7,1.8,1.6
349,Naz Mitrou-Long\mitrona01,SG,26,IND,3,43,10.2,.438,.688,.000,0.0,15.4,7.7,22.1,1.1,2.0,11.1,18.4,,0.0,0.0,0.0,.019,,-2.6,-1.0,-3.5,0.0
350,Adam Mokoka\mokokad01,SG,21,CHI,4,12,-12.3,.000,.571,.000,17.5,0.0,9.1,0.0,4.0,0.0,0.0,25.0,,-0.1,0.0,-0.1,-0.473,,-16.1,-5.7,-21.8,-0.1
351,Malik Monk\monkma01,SG,21,CHO,46,912,11.8,.519,.436,.199,2.3,12.8,7.3,17.2,1.0,1.1,12.7,21.9,,0.0,0.4,0.4,.020,,-2.0,-2.3,-4.2,-0.5
352,Matt Mooney\moonema01,SG,22,CLE,2,5,21.8,.500,.500,.000,0.0,22.2,11.0,32.0,0.0,17.1,0.0,17.1,,0.0,0.0,0.0,.185,,-0.2,6.4,6.2,0.0
353,E'Twaun Moore\mooreet01,SG,30,NOP,36,739,12.3,.512,.398,.108,3.4,10.9,7.1,12.4,1.3,0.7,7.4,21.1,,0.4,0.3,0.7,.046,,-1.0,-2.3,-3.3,-0.2
354,Ja Morant\moranja01,PG,20,MEM,43,1282,18.4,.568,.156,.329,2.2,10.0,6.1,35.4,1.7,0.8,17.2,26.0,,1.7,0.7,2.4,.092,,0.8,-1.7,-0.9,0.4
355,Juwan Morgan\morgaju01,PF,22,UTA,10,42,4.8,.583,.667,.000,2.7,14.9,9.1,3.1,0.0,2.0,25.0,8.3,,0.0,0.0,0.0,.031,,-4.1,0.3,-3.8,0.0
356,Marcus Morris\morrima03,SF,30,NYK,41,1316,16.5,.578,.422,.307,3.4,14.9,8.9,7.2,1.2,1.2,9.3,24.1,,2.0,0.7,2.7,.097,,1.3,-2.2,-0.9,0.4
357,Markieff Morris\morrima02,PF,30,DET,42,947,12.7,.572,.480,.202,2.6,16.9,9.7,10.6,1.3,0.9,14.0,21.5,,0.4,0.7,1.0,.051,,-0.9,-1.5,-2.5,-0.1
358,Monte Morris\morrimo01,PG,24,DEN,49,985,14.7,.522,.277,.134,1.7,7.9,4.7,25.1,1.7,0.9,8.2,17.6,,1.5,0.9,2.4,.116,,-0.4,-1.6,-2.0,0.0
359,Johnathan Motley\motlejo01,PF,24,LAC,8,18,25.2,.799,.167,.333,5.8,11.2,8.6,43.5,7.8,0.0,36.8,24.9,,0.0,0.1,0.1,.249,,3.4,3.6,7.0,0.0
360,Emmanuel Mudiay\mudiaem01,PG,23,UTA,42,694,13.1,.545,.262,.212,2.5,13.3,8.2,22.1,1.1,1.1,17.4,21.7,,0.2,0.8,1.0,.072,,-1.8,0.0,-1.7,0.0
361,Dejounte Murray\murrade01,PG,23,SAS,43,1039,16.7,.544,.168,.184,5.3,19.5,12.4,23.2,3.2,1.1,18.4,20.3,,0.5,1.3,1.8,.083,,-0.3,1.9,1.7,1.0
362,Jamal Murray\murraja01,PG,22,DEN,40,1279,16.9,.537,.333,.219,2.8,11.2,7.0,22.0,2.1,0.8,11.5,24.9,,1.4,1.4,2.8,.107,,1.0,-0.5,0.5,0.8
363,Džanan Musa\musadz01,SF,20,BRK,33,392,7.4,.447,.478,.328,4.8,12.3,8.7,11.2,1.4,0.2,15.4,19.4,,-0.5,0.4,-0.1,-0.013,,-4.7,-1.3,-6.0,-0.4
364,Mike Muscala\muscami01,C,28,OKC,35,447,11.3,.544,.764,.157,2.8,17.6,10.5,9.8,0.8,1.5,8.0,16.0,,0.4,0.5,0.9,.092,,-0.3,-0.9,-1.1,0.1
365,Sviatoslav Mykhailiuk\mykhasv01,SF,22,DET,45,984,11.7,.614,.710,.152,1.5,7.1,4.3,10.6,1.3,0.3,12.0,16.2,,1.2,0.3,1.6,.076,,1.0,-2.4,-1.4,0.1
366,Abdel Nader\naderab01,SF,26,OKC,34,533,10.2,.590,.513,.227,2.2,8.2,5.3,6.5,1.0,1.7,14.6,16.4,,0.2,0.4,0.7,.059,,-1.5,-1.1,-2.6,-0.1
367,Larry Nance\nancela02,C,27,CLE,40,976,17.0,.602,.385,.185,7.8,25.0,16.3,11.1,1.7,1.6,11.1,14.6,,1.8,0.7,2.5,.124,,0.9,0.9,1.8,0.9
368,Shabazz Napier\napiesh01,PG,28,MIN,34,793,14.1,.541,.560,.313,2.0,11.8,6.8,31.3,2.2,0.7,19.4,19.1,,0.6,0.7,1.3,.078,,-0.2,-1.0,-1.2,0.2
369,Raul Neto\netora01,PG,27,PHI,40,458,11.7,.562,.400,.110,1.5,8.1,4.8,19.3,2.1,0.9,17.8,17.5,,0.2,0.6,0.8,.080,,-2.2,-0.9,-3.2,-0.1
370,Georges Niang\niangge01,PF,26,UTA,42,576,13.4,.643,.692,.097,2.0,12.1,7.3,7.4,0.9,0.7,8.5,16.0,,1.0,0.6,1.6,.137,,1.7,-1.0,0.7,0.4
371,Nerlens Noel\noelne01,C,25,OKC,41,785,23.5,.722,.015,.410,10.2,20.2,15.4,9.3,2.9,6.8,15.4,15.7,,2.4,1.7,4.1,.249,,1.8,5.5,7.3,1.8
372,Zach Norvell\norveza01,SG,22,LAL,2,5,-5.6,.000,.000,.000,0.0,21.4,10.9,0.0,0.0,0.0,0.0,8.5,,0.0,0.0,0.0,-0.154,,-14.4,-2.9,-17.3,0.0
373,Jaylen Nowell\nowelja01,SG,20,MIN,7,81,7.2,.449,.548,.258,2.5,4.0,3.2,10.9,0.0,1.0,8.0,19.2,,0.0,0.0,0.0,-0.023,,-4.0,-4.5,-8.5,-0.1
374,Frank Ntilikina\ntilila01,PG,21,NYK,44,922,9.0,.479,.409,.157,1.9,9.2,5.4,20.2,2.2,1.6,17.6,15.1,,-0.2,0.6,0.4,.019,,-2.7,-0.2,-2.9,-0.2
375,Kendrick Nunn\nunnke01,SG,24,MIA,44,1345,14.2,.554,.413,.116,1.1,8.8,5.2,19.3,1.5,0.6,11.2,23.7,,1.0,1.2,2.1,.076,,0.2,-1.9,-1.6,0.1
376,David Nwaba\nwabada01,SF,27,BRK,20,268,14.1,.627,.394,.380,3.1,13.9,8.6,4.4,1.9,3.7,8.8,14.2,,0.4,0.4,0.8,.139,,-1.6,1.3,-0.3,0.1
377,Royce O'Neale\onealro01,PF,26,UTA,48,1415,9.3,.609,.615,.117,1.2,17.1,9.5,12.0,1.2,1.0,13.5,8.7,,1.6,1.8,3.4,.116,,0.1,2.5,2.6,1.7
378,Kyle O'Quinn\oquinky01,C,29,PHI,21,217,16.2,.542,.344,.131,11.8,27.1,19.6,20.2,0.9,6.6,21.8,16.4,,0.2,0.4,0.6,.132,,-1.8,4.6,2.7,0.3
379,Semi Ojeleye\ojelese01,PF,25,BOS,45,675,7.1,.548,.611,.168,3.0,10.0,6.5,4.5,1.1,0.4,6.9,8.2,,0.5,0.7,1.2,.088,,-1.6,0.0,-1.6,0.1
380,Jahlil Okafor\okafoja01,C,24,NOP,25,403,18.5,.638,.014,.413,11.4,18.3,14.8,13.2,0.6,4.0,17.7,20.3,,0.8,0.3,1.1,.132,,-0.4,0.6,0.2,0.2
381,Elie Okobo\okoboel01,PG,22,PHO,38,462,13.0,.513,.406,.444,3.0,11.0,6.9,22.6,1.7,0.7,9.7,16.1,,0.6,0.4,1.0,.101,,-1.1,-1.1,-2.2,0.0
382,Josh Okogie\okogijo01,SG,21,MIN,45,1081,10.9,.517,.396,.465,5.9,13.7,9.7,9.4,2.1,1.5,15.8,15.8,,0.2,1.0,1.2,.053,,-2.4,0.9,-1.5,0.1
383,KZ Okpala\okpalkz01,SF,20,MIA,3,3,-13.5,,,,0.0,35.3,18.7,0.0,0.0,0.0,100.0,14.7,,0.0,0.0,0.0,-0.407,,-23.3,-1.3,-24.6,0.0
384,Victor Oladipo\oladivi01,SG,27,IND,1,21,9.0,.461,.875,.500,0.0,10.5,5.3,24.4,0.0,0.0,17.0,24.6,,0.0,0.0,0.0,-0.020,,-2.3,-5.0,-7.3,0.0
385,Kelly Olynyk\olynyke01,C,28,MIA,42,824,13.8,.623,.573,.282,4.5,20.7,13.0,9.6,1.6,1.5,14.1,16.4,,1.2,1.1,2.3,.133,,0.1,0.4,0.6,0.5
386,Miye Oni\onimi01,SG,22,UTA,3,8,-5.0,,,,0.0,13.0,6.8,0.0,0.0,0.0,100.0,5.5,,0.0,0.0,0.0,-0.137,,-11.6,0.8,-10.8,0.0
387,Cedi Osman\osmande01,SF,24,CLE,49,1419,11.3,.559,.519,.144,1.9,11.0,6.5,11.8,1.4,0.8,11.8,16.4,,1.0,0.4,1.4,.047,,0.0,-1.2,-1.2,0.3
388,Kelly Oubre\oubreke01,SF,24,PHO,46,1571,15.4,.565,.369,.322,3.8,17.9,10.7,6.9,1.9,1.9,9.1,22.4,,1.5,1.8,3.3,.100,,-0.5,0.1,-0.4,0.6
389,Jabari Parker\parkeja01,PF,24,ATL,32,837,17.4,.565,.293,.183,6.8,17.8,12.3,11.7,2.3,1.5,12.4,24.0,,0.6,0.7,1.3,.075,,-0.1,-0.5,-0.6,0.3
390,Chandler Parsons\parsoch01,SF,31,ATL,5,54,5.7,.389,.778,.000,2.0,12.1,7.0,7.5,3.4,1.5,14.3,16.1,,-0.1,0.1,-0.1,-0.061,,-5.1,-0.2,-5.4,0.0
391,Eric Paschall\pascher01,PF,23,GSW,44,1183,14.2,.561,.197,.309,5.4,13.5,9.3,10.8,1.0,0.8,11.0,21.3,,1.0,0.5,1.5,.059,,-1.4,-1.9,-3.3,-0.4
392,Anžejs Pasečņiks\pasecan01,C,24,WAS,19,370,12.4,.560,.020,.490,10.5,17.5,13.9,6.2,1.0,2.3,15.1,16.4,,0.3,0.1,0.4,.053,,-2.4,-1.3,-3.7,-0.2
393,Patrick Patterson\pattepa01,PF,30,LAC,43,568,11.8,.566,.750,.193,5.2,15.4,10.4,6.9,0.5,0.5,6.8,14.9,,0.9,0.6,1.4,.120,,0.6,-1.4,-0.8,0.2
394,Justin Patton\pattoju01,C,22,OKC,5,24,4.8,.450,.400,.000,4.8,17.8,11.5,12.6,0.0,0.0,16.7,22.0,,0.0,0.0,0.0,-0.062,,-5.8,-2.9,-8.7,0.0
395,Chris Paul\paulch01,PG,34,OKC,49,1550,21.2,.599,.357,.318,1.3,15.9,8.8,32.5,2.5,0.3,12.8,22.8,,4.1,2.1,6.2,.192,,3.9,0.6,4.6,2.6
396,Elfrid Payton\paytoel01,PG,25,NYK,31,825,14.5,.450,.179,.131,4.1,13.6,8.7,36.6,2.6,1.6,16.5,18.9,,0.0,0.7,0.7,.042,,-1.2,0.7,-0.6,0.3
397,Gary Payton\paytoga02,PG,27,WAS,19,370,11.9,.485,.381,.072,6.5,13.8,10.0,14.4,3.7,1.6,16.0,13.3,,0.1,0.3,0.3,.045,,-1.0,1.4,0.4,0.2
398,Norvel Pelle\pelleno01,C,26,PHI,14,156,11.5,.557,.000,.370,8.6,27.2,18.0,6.0,0.3,11.4,25.9,11.7,,0.0,0.4,0.3,.102,,-6.5,6.4,-0.1,0.1
399,Theo Pinson\pinsoth01,SG,24,BRK,27,332,4.9,.381,.514,.108,2.9,11.2,7.1,20.5,2.1,0.5,17.1,23.6,,-1.0,0.4,-0.6,-0.091,,-6.1,-1.1,-7.2,-0.4
400,Mason Plumlee\plumlma01,C,29,DEN,43,750,19.2,.609,.019,.543,11.4,23.6,17.5,20.5,1.5,3.3,19.5,18.6,,1.4,1.2,2.5,.163,,0.0,2.9,3.0,0.9
401,Vincent Poirier\poirivi01,C,26,BOS,16,92,11.4,.489,.077,.231,10.6,24.4,17.5,7.4,1.0,5.9,14.9,15.6,,0.0,0.2,0.2,.106,,-4.7,2.7,-2.0,0.0
402,Jakob Pöltl\poeltja01,C,24,SAS,47,827,19.0,.605,.000,.318,11.3,22.9,17.2,14.2,1.3,7.8,15.7,12.6,,1.7,1.1,2.8,.162,,0.0,4.9,4.9,1.4
403,Shamorie Ponds\pondssh01,PG,21,TOR,4,11,33.5,.765,.400,.400,0.0,9.3,4.8,32.3,0.0,8.7,0.0,22.9,,0.1,0.0,0.1,.454,,9.1,0.0,9.1,0.0
404,Jordan Poole\poolejo01,SG,20,GSW,42,894,5.0,.402,.548,.233,0.6,9.5,4.9,13.0,1.3,0.9,9.6,20.4,,-1.7,0.3,-1.4,-0.074,,-5.2,-2.8,-8.0,-1.3
405,Kevin Porter\porteke02,SF,19,CLE,37,813,9.8,.533,.364,.203,1.9,14.2,8.0,12.7,2.0,0.7,18.6,20.1,,-0.5,0.4,-0.1,-0.007,,-2.8,-0.9,-3.8,-0.4
406,Michael Porter\portemi01,PF,21,DEN,39,556,20.0,.609,.370,.164,8.4,25.4,16.9,8.2,1.5,3.0,10.5,22.1,,1.0,0.9,1.9,.168,,0.6,-0.1,0.6,0.4
407,Otto Porter\porteot01,SF,26,CHI,9,226,13.6,.544,.476,.238,3.7,11.6,7.5,9.5,1.9,1.3,7.0,18.9,,0.2,0.2,0.5,.102,,-0.6,-0.7,-1.3,0.0
408,Bobby Portis\portibo01,C,24,NYK,49,1021,14.4,.514,.328,.158,6.8,20.6,13.4,11.9,1.2,0.8,9.9,20.9,,0.6,0.7,1.3,.060,,-1.0,-1.2,-2.1,0.0
409,Kristaps Porziņģis\porzikr01,PF,24,DAL,37,1128,16.7,.513,.418,.264,5.9,24.5,15.4,7.0,1.0,5.4,9.3,25.9,,0.4,1.6,2.0,.087,,-2.1,0.6,-1.5,0.1
410,Dwight Powell\poweldw01,C,28,DAL,40,1061,16.2,.677,.170,.485,7.5,14.7,11.2,7.7,1.6,1.8,11.5,12.6,,2.7,1.0,3.7,.167,,1.5,1.3,2.8,1.3
411,Norman Powell\powelno01,SG,26,TOR,38,1072,16.8,.623,.455,.237,2.2,12.0,7.2,9.3,2.1,1.3,10.9,20.9,,1.7,1.7,3.3,.150,,1.3,0.4,1.7,1.0
412,Julius Randle\randlju01,PF,25,NYK,47,1519,16.7,.526,.263,.340,7.1,23.8,15.1,17.0,1.2,0.8,14.3,27.6,,0.4,1.1,1.5,.047,,-0.2,-0.5,-0.7,0.5
413,Josh Reaves\reavejo02,SG,22,DAL,2,1,-40.2,.000,.000,.000,0.0,0.0,0.0,0.0,0.0,0.0,0.0,42.7,,0.0,0.0,0.0,-1.027,,-38.2,-12.2,-50.4,0.0
414,Cam Reddish\reddica01,SF,20,ATL,45,1189,7.4,.464,.451,.218,2.7,13.1,7.8,8.3,1.8,1.4,14.2,18.3,,-1.5,0.7,-0.8,-0.032,,-4.3,-0.7,-5.0,-0.9
415,J.J. Redick\redicjj01,SG,35,NOP,44,1221,15.5,.650,.624,.303,0.8,9.9,5.3,9.8,0.6,0.5,9.4,19.7,,2.9,0.3,3.1,.124,,2.8,-3.1,-0.4,0.5
416,Naz Reid\reidna01,C,20,MIN,14,155,14.7,.494,.538,.154,6.5,15.3,10.7,14.3,1.5,3.2,7.6,28.1,,0.0,0.2,0.2,.051,,-0.1,-1.6,-1.7,0.0
417,Josh Richardson\richajo01,SG,26,PHI,38,1198,12.9,.539,.382,.230,2.8,8.6,5.8,16.0,1.5,1.6,13.2,21.9,,0.5,1.5,2.0,.080,,-0.8,-0.3,-1.1,0.3
418,Austin Rivers\riverau01,SG,27,HOU,44,1040,10.3,.538,.536,.207,1.9,9.0,5.4,9.4,1.3,0.7,7.4,15.0,,1.0,0.7,1.7,.077,,-1.1,-1.4,-2.6,-0.2
419,Duncan Robinson\robindu01,SF,25,MIA,47,1335,12.4,.665,.872,.080,0.6,11.7,6.5,6.1,0.9,0.9,7.4,15.3,,2.3,1.1,3.4,.122,,2.6,-1.5,1.2,1.0
420,Glenn Robinson\robingl02,SF,26,GSW,46,1459,12.5,.563,.335,.141,4.5,11.8,8.0,8.4,1.3,0.8,8.6,16.3,,1.3,0.6,1.9,.063,,-0.8,-1.1,-1.9,0.0
421,Jerome Robinson\robinje01,SG,22,LAC,40,472,4.8,.423,.493,.140,1.1,11.7,6.5,12.5,1.2,1.5,15.3,14.9,,-0.6,0.5,0.0,-0.004,,-4.7,0.3,-4.5,-0.3
422,Justin Robinson\robinju01,PG,22,WAS,9,49,8.3,.542,.417,.000,2.1,9.3,5.6,18.3,0.0,1.8,20.0,12.7,,0.0,0.0,0.0,-0.001,,-3.3,-3.6,-6.9,-0.1
423,Mitchell Robinson\robinmi01,C,21,NYK,45,1029,22.4,.712,.000,.435,12.3,18.8,15.4,3.6,1.8,7.9,9.2,13.4,,3.2,1.4,4.6,.215,,1.3,3.6,4.9,1.8
424,Isaiah Roby\robyis01,SF,21,OKC,1,2,-20.1,.000,.000,.000,0.0,0.0,0.0,0.0,0.0,0.0,0.0,22.0,,0.0,0.0,0.0,-0.543,,-22.4,-5.9,-28.3,0.0
425,Rajon Rondo\rondora01,PG,33,LAL,32,672,13.2,.492,.368,.127,2.7,15.1,9.0,34.1,1.9,0.3,21.3,19.3,,0.2,0.9,1.0,.075,,-1.7,-0.2,-1.9,0.0
426,Derrick Rose\rosede01,PG,31,DET,43,1150,22.2,.566,.195,.190,2.2,8.5,5.4,41.2,1.5,0.9,13.0,31.1,,2.3,0.5,2.9,.120,,3.4,-2.5,0.8,0.8
427,Terrence Ross\rosste01,SG,28,ORL,46,1198,13.1,.529,.588,.209,0.8,11.7,6.1,6.2,2.0,1.1,6.9,22.5,,0.3,1.5,1.8,.072,,-0.5,-1.3,-1.8,0.1
428,Terry Rozier\roziete01,PG,25,CHO,48,1643,15.1,.549,.445,.211,2.5,12.2,7.1,21.4,1.7,0.4,12.8,24.2,,1.3,0.8,2.2,.063,,1.1,-1.6,-0.5,0.6
429,Ricky Rubio\rubiori01,PG,29,PHO,41,1314,15.0,.503,.302,.269,2.5,13.5,7.9,38.7,2.0,0.6,17.0,20.2,,1.2,1.2,2.5,.090,,-0.3,-0.2,-0.5,0.5
430,D'Angelo Russell\russeda01,SG,23,GSW,31,999,19.6,.561,.502,.231,1.2,11.1,6.0,37.1,1.4,0.7,12.9,32.4,,1.0,0.4,1.4,.068,,5.1,-3.1,2.0,1.0
431,Domantas Sabonis\sabondo01,C,23,IND,45,1549,20.7,.581,.076,.343,10.9,30.3,20.6,20.0,1.1,1.4,15.0,23.3,,3.0,2.4,5.4,.168,,1.5,2.5,4.0,2.3
432,JaKarr Sampson\sampsja02,SF,26,IND,17,242,11.4,.599,.186,.169,5.1,14.2,9.6,2.3,1.2,2.9,8.6,12.6,,0.2,0.3,0.5,.102,,-2.2,0.3,-1.9,0.0
433,Dario Šarić\saricda01,PF,25,PHO,48,1189,12.6,.549,.473,.174,6.6,20.4,13.4,10.8,1.2,0.9,12.3,17.1,,0.9,1.1,2.0,.082,,-0.7,0.1,-0.6,0.4
434,Tomáš Satoranský\satorto01,PG,28,CHI,51,1461,14.5,.558,.371,.238,3.7,10.6,7.0,27.5,2.3,0.5,17.8,16.6,,1.8,1.6,3.4,.111,,-0.1,0.1,0.0,0.8
435,Admiral Schofield\schofad01,SF,22,WAS,26,292,6.9,.514,.627,.173,2.2,10.9,6.4,6.2,1.3,0.9,8.0,12.4,,0.1,0.0,0.1,.013,,-1.9,-2.6,-4.5,-0.2
436,Dennis Schröder\schrode01,PG,26,OKC,49,1526,16.9,.577,.355,.216,1.2,12.2,6.9,22.0,1.0,0.6,13.7,27.1,,1.6,1.3,2.8,.090,,1.2,-1.6,-0.4,0.6
437,Mike Scott\scottmi01,PF,31,PHI,49,866,9.4,.521,.653,.092,5.3,15.7,10.6,4.6,0.9,0.4,6.1,13.9,,0.5,1.0,1.6,.086,,-1.6,-1.2,-2.8,-0.2
438,Thabo Sefolosha\sefolth01,PF,35,HOU,32,330,9.1,.495,.614,.057,5.0,18.3,11.6,8.3,1.8,1.8,13.3,10.3,,0.1,0.4,0.5,.071,,-2.9,0.9,-2.1,0.0
439,Collin Sexton\sextoco01,SG,21,CLE,49,1570,15.7,.540,.215,.230,3.6,7.8,5.7,13.4,1.5,0.4,10.9,27.1,,1.2,0.2,1.4,.042,,-0.2,-2.9,-3.1,-0.4
440,Landry Shamet\shamela01,SG,22,LAC,31,877,9.2,.605,.750,.143,0.5,7.5,4.0,8.5,0.6,0.6,9.1,13.4,,1.1,0.7,1.8,.099,,0.9,-0.9,0.0,0.4
441,Iman Shumpert\shumpim01,SG,29,BRK,13,241,5.4,.403,.516,.109,3.9,10.4,7.3,6.8,2.3,0.7,13.0,13.4,,-0.3,0.3,0.0,-0.005,,-4.8,0.7,-4.1,-0.1
442,Pascal Siakam\siakapa01,PF,25,TOR,38,1328,19.2,.559,.311,.255,3.5,19.0,11.4,16.7,1.4,2.6,10.5,29.2,,1.4,2.3,3.7,.133,,0.6,1.1,1.7,1.2
443,Chris Silva\silvach01,PF,23,MIA,32,260,18.2,.692,.035,.754,21.9,20.0,20.9,8.7,1.7,6.0,27.6,17.8,,0.6,0.5,1.0,.188,,0.1,3.0,3.1,0.3
444,Ben Simmons\simmobe01,PG,23,PHI,47,1699,20.8,.604,.009,.449,6.1,17.4,11.8,34.7,3.0,1.4,20.1,20.5,,3.5,3.1,6.6,.188,,1.8,3.4,5.3,3.1
445,Anfernee Simons\simonan01,SG,20,POR,49,1109,8.8,.499,.413,.171,1.8,9.1,5.5,9.1,0.7,0.7,10.0,18.6,,-0.1,0.2,0.1,.004,,-2.2,-2.5,-4.8,-0.8
446,Alen Smailagić\smailal01,PF,19,GSW,9,92,17.1,.629,.310,.345,7.8,18.1,12.8,14.2,0.5,2.9,13.0,17.8,,0.2,0.1,0.2,.126,,-0.4,-1.0,-1.4,0.0
447,Marcus Smart\smartma01,SG,25,BOS,38,1194,13.7,.513,.595,.182,2.5,9.7,6.1,21.3,2.3,1.5,10.9,18.3,,1.3,1.7,3.0,.119,,1.2,0.6,1.8,1.2
448,Dennis Smith\smithde03,PG,22,NYK,24,370,6.5,.400,.307,.243,4.1,10.3,7.1,24.9,1.6,1.8,19.3,22.0,,-0.8,0.2,-0.6,-0.084,,-5.1,-1.2,-6.3,-0.4
449,Ish Smith\smithis01,PG,31,WAS,47,1237,14.1,.519,.261,.127,1.8,11.0,6.2,24.8,1.5,1.3,10.7,18.7,,1.2,0.0,1.3,.049,,-0.4,-2.2,-2.6,-0.2
450,Zhaire Smith\smithzh01,SG,20,PHI,3,21,1.5,.258,.333,.667,0.0,10.4,5.3,11.9,4.6,0.0,11.4,18.0,,-0.1,0.0,0.0,-0.100,,-9.4,1.0,-8.4,0.0
451,Tony Snell\snellto01,SF,28,DET,43,1139,9.7,.616,.701,.070,0.6,7.2,3.9,7.8,0.9,0.8,6.1,11.3,,1.5,0.3,1.8,.077,,0.5,-1.4,-0.9,0.3
452,Omari Spellman\spellom01,PF,22,GSW,46,823,15.5,.558,.375,.296,9.5,18.0,13.6,8.6,1.9,2.6,13.6,18.9,,0.7,0.7,1.4,.081,,-1.2,-0.1,-1.3,0.1
453,Max Strus\strusma01,SG,23,CHI,2,6,30.9,.727,.333,.333,17.5,0.0,9.1,0.0,0.0,0.0,0.0,24.6,,0.0,0.0,0.0,.325,,7.2,-9.5,-2.3,0.0
454,Edmond Sumner\sumneed01,PG,24,IND,19,260,10.6,.502,.325,.163,3.4,8.1,5.8,14.5,2.3,2.0,14.0,16.9,,0.0,0.3,0.3,.054,,-2.3,0.5,-1.8,0.0
455,Caleb Swanigan\swanica01,PF,22,POR,4,57,5.6,.574,.000,.300,9.1,26.6,18.0,11.6,0.0,1.5,41.4,14.3,,-0.1,0.0,0.0,-0.036,,-6.4,0.2,-6.3,-0.1
456,Caleb Swanigan\swanica01,PF,22,TOT,11,80,4.0,.556,.000,.357,9.3,26.2,17.8,11.6,0.6,3.4,46.4,16.1,,-0.2,0.1,-0.1,-0.076,,-8.3,1.8,-6.5,-0.1
457,Caleb Swanigan\swanica01,PF,22,SAC,7,23,0.0,.512,.000,.500,9.5,25.3,17.2,11.8,2.1,8.3,55.1,20.6,,-0.1,0.0,-0.1,-0.177,,-12.9,5.8,-7.0,0.0
458,Jayson Tatum\tatumja01,PF,21,BOS,43,1450,18.6,.542,.362,.219,3.2,18.7,11.0,13.5,2.0,2.3,9.7,27.7,,1.4,2.4,3.8,.125,,0.5,0.8,1.2,1.2
459,Jeff Teague\teaguje01,PG,31,ATL,7,141,8.2,.453,.190,.238,3.8,8.5,6.1,29.5,1.6,0.6,25.6,18.3,,-0.2,0.0,-0.1,-0.040,,-5.3,-2.4,-7.7,-0.2
460,Jeff Teague\teaguje01,PG,31,MIN,34,945,16.3,.578,.269,.444,1.6,8.3,4.8,33.2,1.2,1.1,16.4,20.3,,1.8,0.5,2.3,.117,,0.1,-2.4,-2.2,-0.1
461,Jeff Teague\teaguje01,PG,31,TOT,41,1086,15.2,.565,.260,.421,1.9,8.3,5.0,32.7,1.3,1.1,17.5,20.0,,1.6,0.5,2.2,.097,,-0.6,-2.4,-3.0,-0.3
462,Garrett Temple\templga01,SG,33,BRK,42,1197,9.6,.500,.661,.147,2.0,10.1,6.1,12.3,1.4,1.2,10.7,16.7,,0.0,1.1,1.2,.046,,-1.4,-0.2,-1.6,0.1
463,Daniel Theis\theisda01,C,27,BOS,43,971,17.2,.600,.220,.239,9.7,19.6,14.7,10.2,1.5,5.9,11.0,14.4,,2.0,1.8,3.8,.190,,0.6,4.1,4.7,1.7
464,Isaiah Thomas\thomais02,PG,30,WAS,38,878,12.2,.540,.443,.185,1.3,7.0,4.0,22.8,0.7,0.6,14.6,23.9,,0.4,-0.3,0.1,.004,,-0.4,-5.1,-5.5,-0.8
465,Khyri Thomas\thomakh01,SG,23,DET,2,6,3.9,.568,,,0.0,0.0,0.0,0.0,0.0,0.0,0.0,6.3,,0.0,0.0,0.0,.026,,-4.6,-3.0,-7.7,0.0
466,Matt Thomas\thomama02,SG,25,TOR,20,204,12.2,.658,.746,.111,2.1,10.6,6.4,7.1,0.9,0.0,10.8,15.5,,0.3,0.2,0.5,.124,,0.5,-2.0,-1.5,0.0
467,Tristan Thompson\thomptr01,C,28,CLE,47,1460,16.7,.539,.019,.298,14.7,22.3,18.5,10.0,1.0,2.5,14.9,18.0,,1.6,0.8,2.5,.081,,-0.7,0.9,0.2,0.8
468,Matisse Thybulle\thybuma01,SG,22,PHI,41,824,9.6,.521,.636,.205,3.0,5.8,4.4,8.3,3.8,3.5,16.9,12.1,,-0.1,1.6,1.5,.086,,-1.8,3.6,1.8,0.8
469,Anthony Tolliver\tollian01,PF,34,POR,33,554,7.6,.515,.761,.162,5.1,15.1,10.2,6.7,0.7,1.4,14.3,11.2,,0.2,0.2,0.4,.036,,-1.5,-0.7,-2.2,0.0
470,Anthony Tolliver\tollian01,PF,34,TOT,38,598,6.9,.488,.780,.150,5.1,15.2,10.2,6.8,0.7,1.4,14.5,11.2,,0.0,0.3,0.3,.024,,-1.9,-0.6,-2.6,-0.1
471,Anthony Tolliver\tollian01,PF,34,SAC,5,44,-1.8,.150,1.000,.000,5.0,15.8,10.3,8.5,1.1,2.2,16.7,11.9,,-0.2,0.0,-0.1,-0.133,,-7.9,0.2,-7.7,-0.1
472,Karl-Anthony Towns\townska01,C,24,MIN,30,1004,27.6,.646,.452,.343,8.1,25.8,16.7,23.4,1.3,3.0,13.2,29.6,,3.4,1.2,4.7,.222,,7.1,1.4,8.6,2.7
473,Gary Trent\trentga02,SG,21,POR,36,586,11.4,.555,.638,.076,2.5,6.7,4.6,7.5,1.5,1.0,5.4,14.6,,0.7,0.2,0.9,.074,,0.6,-1.9,-1.4,0.1
474,Allonzo Trier\trieral01,PG,24,NYK,20,246,12.3,.587,.541,.459,1.6,9.7,5.5,14.7,0.4,1.5,16.4,21.0,,0.2,0.0,0.3,.051,,-0.9,-3.3,-4.3,-0.1
475,P.J. Tucker\tuckepj01,PF,34,HOU,48,1682,8.9,.586,.667,.146,4.7,16.2,10.5,6.1,1.5,1.1,15.0,8.8,,1.5,1.6,3.1,.088,,-0.7,1.5,0.8,1.2
476,Rayjon Tucker\tuckera01,SG,22,UTA,11,71,3.6,.421,.333,.278,3.2,11.7,7.7,3.8,0.7,0.0,12.9,14.3,,-0.1,0.1,0.0,-0.023,,-5.9,-1.2,-7.2,-0.1
477,Evan Turner\turneev01,PG,31,ATL,18,230,7.3,.434,.079,.222,3.2,13.7,8.4,21.6,1.6,2.9,26.6,16.9,,-0.4,0.2,-0.3,-0.058,,-7.3,0.4,-6.9,-0.3
478,Myles Turner\turnemy01,C,23,IND,38,1099,14.7,.558,.444,.300,4.8,18.3,11.6,5.5,1.2,5.9,10.3,18.3,,0.8,1.7,2.5,.110,,-0.9,2.4,1.5,1.0
479,Jonas Valančiūnas\valanjo01,C,27,MEM,46,1184,22.1,.636,.140,.229,11.8,30.0,21.0,11.8,0.8,3.6,14.0,22.2,,2.7,1.4,4.0,.164,,1.3,1.1,2.4,1.3
480,Denzel Valentine\valende01,SF,26,CHI,29,352,13.5,.527,.604,.031,1.2,16.8,8.7,14.6,2.7,1.3,10.5,21.9,,0.0,0.5,0.5,.070,,-1.1,-0.3,-1.4,0.1
481,Jarred Vanderbilt\vandeja01,SF,20,DEN,7,29,-1.9,.500,.000,.000,3.7,11.4,7.6,4.4,1.7,0.0,55.6,13.4,,-0.1,0.0,-0.1,-0.160,,-10.8,0.3,-10.5,-0.1
482,Fred VanVleet\vanvlfr01,PG,25,TOR,39,1402,16.9,.546,.468,.263,1.2,10.0,5.7,28.8,2.6,0.9,11.9,22.2,,2.2,2.2,4.4,.150,,1.9,0.6,2.5,1.6
483,Gabe Vincent\vincega01,PG,23,MIA,1,1,-40.5,.000,1.000,.000,0.0,0.0,0.0,0.0,0.0,0.0,0.0,44.1,,0.0,0.0,0.0,-1.077,,-28.4,-15.0,-43.4,0.0
484,Noah Vonleh\vonleno01,C,24,MIN,29,347,15.6,.605,.163,.326,9.9,25.4,17.4,11.0,1.5,1.4,16.2,14.0,,0.6,0.4,1.0,.132,,-1.8,0.9,-0.9,0.1
485,Nikola Vučević\vucevni01,C,29,ORL,37,1169,21.6,.523,.288,.166,8.7,28.9,18.4,19.5,1.5,2.4,7.2,26.3,,1.7,2.0,3.7,.151,,1.9,2.2,4.1,1.8
486,Dean Wade\wadede01,PF,23,CLE,9,50,14.9,.766,.300,.100,4.4,28.9,16.6,2.9,1.9,5.1,22.3,11.5,,0.0,0.1,0.1,.103,,-3.1,1.4,-1.7,0.0
487,Moritz Wagner\wagnemo01,C,22,WAS,21,429,18.6,.682,.350,.269,8.3,24.6,16.2,9.8,1.6,2.6,19.4,21.4,,0.8,0.2,1.0,.113,,1.1,-0.8,0.3,0.3
488,Dion Waiters\waitedi01,SG,28,MIA,3,42,13.9,.530,.654,.038,0.0,27.7,14.7,12.5,0.0,4.6,10.2,30.9,,0.0,0.1,0.0,.013,,-2.3,-2.0,-4.3,0.0
489,Kemba Walker\walkeke02,PG,29,BOS,42,1347,21.7,.586,.523,.261,2.4,10.8,6.6,25.1,1.6,1.7,10.3,27.9,,3.6,1.7,5.3,.188,,5.2,-0.8,4.4,2.2
490,Lonnie Walker\walkelo01,SG,21,SAS,39,495,11.9,.531,.280,.223,2.6,13.4,8.1,7.3,1.6,0.9,9.4,20.4,,0.1,0.3,0.4,.037,,-2.5,-2.3,-4.7,-0.3
491,Tyrone Wallace\wallaty01,SG,25,ATL,14,160,4.0,.389,.341,.386,2.0,12.9,7.4,11.0,2.0,0.5,16.3,15.9,,-0.3,0.1,-0.2,-0.070,,-6.9,-1.2,-8.1,-0.2
492,Taurean Waller-Prince\princta02,SF,25,BRK,47,1407,10.3,.512,.583,.103,2.9,18.9,11.1,10.5,1.5,1.1,14.1,20.0,,-0.8,1.8,1.0,.034,,-2.2,0.4,-1.8,0.1
493,Derrick Walton\waltode01,PG,24,LAC,23,222,8.5,.626,.583,.250,0.9,5.9,3.5,12.6,0.8,0.0,9.1,8.2,,0.4,0.2,0.5,.111,,-0.9,-1.4,-2.2,0.0
494,Brad Wanamaker\wanambr01,PG,30,BOS,46,837,11.3,.542,.278,.368,1.7,10.0,5.8,19.1,1.5,1.2,16.2,15.7,,0.7,1.0,1.7,.100,,-2.0,-0.2,-2.2,0.0
495,T.J. Warren\warretj01,SF,26,IND,48,1553,17.0,.592,.216,.222,3.3,9.6,6.4,6.7,1.7,1.2,7.2,22.7,,2.5,1.6,4.1,.128,,1.0,-0.9,0.1,0.8
496,PJ Washington\washipj01,PF,21,CHO,43,1294,13.0,.569,.356,.262,2.8,17.2,9.7,11.0,1.5,2.5,12.9,17.9,,0.7,1.0,1.8,.065,,-1.5,0.5,-1.0,0.3
497,Yuta Watanabe\watanyu01,SG,25,MEM,6,26,6.1,.509,.333,.333,4.2,16.2,10.3,0.0,0.0,3.3,12.7,12.7,,0.0,0.0,0.0,-0.018,,-6.7,-3.6,-10.3,-0.1
498,Tremont Waters\watertr01,PG,22,BOS,6,56,12.4,.470,.560,.240,0.0,11.5,5.8,20.5,3.4,3.3,15.3,24.8,,-0.1,0.1,0.0,.042,,-2.9,0.7,-2.1,0.0
499,Paul Watson\watsopa01,SF,25,TOR,1,2,0.0,,,,0.0,0.0,0.0,0.0,0.0,0.0,,0.0,,0.0,0.0,0.0,.021,,-6.3,0.9,-5.4,0.0
500,Paul Watson\watsopa01,SG-SF,25,TOT,3,19,-6.3,.000,.429,.000,0.0,11.5,5.7,19.1,2.4,0.0,0.0,15.2,,-0.1,0.0,-0.1,-0.282,,-12.6,-1.5,-14.2,-0.1
501,Paul Watson\watsopa01,SG,25,ATL,2,17,-7.0,.000,.429,.000,0.0,12.8,6.3,21.3,2.7,0.0,0.0,17.0,,-0.1,0.0,-0.1,-0.317,,-13.4,-1.8,-15.2,-0.1
502,Russell Westbrook\westbru01,PG,31,HOU,41,1473,20.8,.526,.187,.296,4.9,18.4,11.6,35.8,2.1,0.9,14.9,33.7,,1.6,1.7,3.3,.108,,0.9,1.0,1.9,1.5
503,Coby White\whiteco01,SG,19,CHI,51,1221,10.0,.482,.475,.155,2.0,14.0,7.8,13.9,1.5,0.3,11.5,23.3,,-1.1,1.2,0.1,.004,,-3.0,-1.5,-4.5,-0.8
504,Derrick White\whitede01,SG,25,SAS,45,1070,15.2,.582,.344,.338,2.3,11.2,6.8,18.9,1.2,3.0,12.5,17.7,,1.7,0.7,2.4,.106,,0.6,-0.3,0.3,0.6
505,Hassan Whiteside\whiteha01,C,30,POR,45,1380,25.3,.641,.008,.344,13.6,32.7,23.3,6.0,0.6,8.6,13.3,19.8,,3.9,2.2,6.1,.212,,0.1,3.3,3.4,1.9
506,Andrew Wiggins\wiggian01,SF,24,MIN,39,1357,16.9,.538,.349,.254,3.3,12.4,7.7,18.6,0.9,2.1,10.3,28.3,,1.0,0.9,1.8,.065,,0.7,-1.3,-0.6,0.5
507,Grant Williams\willigr01,PF,21,BOS,45,676,7.1,.476,.435,.304,6.4,12.0,9.2,9.3,1.3,3.0,19.1,12.2,,-0.1,0.9,0.8,.057,,-3.0,1.8,-1.2,0.1
508,Johnathan Williams\willijo04,C,24,WAS,10,134,14.6,.643,.080,.200,11.8,23.7,17.5,5.9,0.3,3.8,12.8,9.6,,0.3,0.0,0.3,.109,,-1.2,-0.3,-1.5,0.0
509,Kenrich Williams\willike04,PF,25,NOP,35,779,7.8,.430,.671,.168,6.6,17.7,12.1,8.5,1.5,2.3,12.0,9.2,,0.1,0.7,0.7,.046,,-2.2,1.7,-0.5,0.3
510,Lou Williams\willilo02,SG,33,LAC,45,1349,17.7,.551,.344,.376,1.5,8.7,5.1,31.1,1.0,0.5,14.6,28.8,,2.0,1.2,3.2,.113,,1.5,-2.0,-0.5,0.5
511,Marvin Williams\willima02,PF,33,CHO,39,766,12.1,.598,.562,.246,2.0,13.1,7.3,7.6,1.7,2.3,9.6,14.2,,0.9,0.5,1.4,.088,,-1.0,-0.2,-1.2,0.2
512,Robert Williams\williro04,C,22,BOS,19,269,18.2,.671,.000,.286,9.2,25.4,17.4,10.6,3.0,7.1,22.5,11.3,,0.4,0.7,1.1,.196,,-1.2,6.9,5.7,0.5
513,Nigel Williams-Goss\willini01,PG,25,UTA,9,28,5.7,.254,.286,.286,8.2,11.1,9.7,22.3,1.7,3.0,20.2,15.4,,-0.1,0.0,0.0,-0.037,,-6.4,2.2,-4.2,0.0
514,Zion Williamson\willizi01,PF,19,NOP,5,125,25.1,.640,.094,.391,13.4,19.7,16.5,13.1,0.7,0.7,12.8,28.3,,0.3,0.1,0.4,.144,,2.4,-2.6,-0.1,0.1
515,D.J. Wilson\wilsodj01,PF,23,MIL,26,235,7.9,.487,.570,.089,2.7,18.2,10.9,9.9,0.2,1.5,12.8,16.5,,-0.1,0.4,0.3,.053,,-4.0,-0.5,-4.5,-0.1
516,Justise Winslow\winslju01,SF,23,MIA,11,352,8.8,.440,.209,.209,5.4,17.2,11.6,18.7,1.0,1.4,14.6,20.6,,-0.3,0.4,0.0,.004,,-4.2,0.4,-3.7,-0.2
517,Christian Wood\woodch01,PF,24,DET,46,797,22.6,.666,.272,.570,8.0,26.4,17.2,6.4,1.1,4.1,12.5,21.7,,2.2,0.9,3.1,.186,,0.6,-0.2,0.4,0.5
518,Delon Wright\wrighde01,SG,27,DAL,46,958,17.5,.569,.296,.233,5.7,13.6,9.7,20.9,2.7,1.5,12.1,15.1,,2.1,1.1,3.3,.163,,1.4,1.6,3.0,1.2
519,Thaddeus Young\youngth01,PF,31,CHI,50,1165,12.5,.505,.368,.130,6.1,15.6,10.7,11.9,2.4,1.2,13.2,19.7,,-0.3,1.5,1.3,.052,,-2.1,0.8,-1.3,0.2
520,Trae Young\youngtr01,PG,21,ATL,44,1543,24.5,.597,.447,.429,1.9,12.3,7.0,46.6,1.5,0.3,16.3,34.8,,4.0,0.6,4.6,.142,,7.8,-2.3,5.5,2.9
521,Cody Zeller\zelleco01,C,27,CHO,45,1041,18.2,.573,.177,.361,12.7,20.6,16.5,9.7,1.3,1.7,11.8,20.9,,1.8,0.8,2.6,.119,,0.0,-0.6,-0.6,0.4
522,Ante Žižić\zizican01,C,23,CLE,16,159,18.8,.621,.000,.306,9.7,28.6,19.1,2.9,1.8,2.2,8.3,16.3,,0.4,0.2,0.5,.155,,-2.3,-1.4,-3.7,-0.1
523,Ivica Zubac\zubaciv01,C,22,LAC,48,849,20.7,.617,.008,.398,15.3,25.3,20.4,8.5,0.5,4.6,11.6,17.2,,2.4,1.4,3.8,.216,,0.4,2.3,2.7,1.0